repository	branch	sha
isomorphismes/polya	master	bbb745711829891cc5ebd98fc8701a98611b0214
isomorphismes/allegra	master	ad051c6698626cc5f2b59a26062dfaec3e3ccc11
isomorphismes/knotkit	josh	4bd53819869714201365eff7fbb80994fd713b34
isomorphismes/knotkit	master	4fdd08f1d1db7b2e64dd8f186d32c8381db79b0f
isomorphismes/moishezon	master	379dcdf3b56ecb22d115dbcf11f87ad043a6dc4a
isomorphismes/threefold.exploration	master	1ef524a89c97750546b385f21897e2085286203d
isomorphismes/algebraic-variety-explorer-mobile	C+Lua	00b05c143580c5d691f3a10987d4c31623b706a3
isomorphismes/algebraic-variety-explorer-mobile	archive/d-desktop-surfer	bf1fb6ed1ded947dbd1caa5f23408fc00ba0d2f1
isomorphismes/algebraic-variety-explorer-mobile	archive/pr-12-f16-shader-dogfood	3d19d464b7fbf2400b6f3a9ebd08f9758bee80ce
isomorphismes/algebraic-variety-explorer-mobile	archive/pr-14-shader-backend-follow	94725dcba07ec7e13f44321f26c99d660eb19df9
isomorphismes/algebraic-variety-explorer-mobile	catalog-polynomial-preview	cc087b3d01d3625207af6490dc139e2030787ace
isomorphismes/algebraic-variety-explorer-mobile	chore/surfer-default-branch	5e83047de8c68168960565ec0eb0289c6c73033b
isomorphismes/algebraic-variety-explorer-mobile	ci/fdroid-release-hardening	8384b48e564974553892575129a080785a3f36c4
isomorphismes/algebraic-variety-explorer-mobile	d/desktop-surfer	bf1fb6ed1ded947dbd1caa5f23408fc00ba0d2f1
isomorphismes/algebraic-variety-explorer-mobile	d/wholesale	aa13f0e59e8cbefab8752d42c2e5d5fea42973bb
isomorphismes/algebraic-variety-explorer-mobile	fdroid-release	98398ee79417c4cde7549bf0890ed8ca4e2e7d67
isomorphismes/algebraic-variety-explorer-mobile	icky-dmd-whole-program	1a836e2bf39001daa1ad2f4a51f68686d04a5399
isomorphismes/algebraic-variety-explorer-mobile	idris	c38d7e9c590bf910e6f9f7efefe814e415ebc8a0
isomorphismes/algebraic-variety-explorer-mobile	java	fc710dd06c003a8e4cc022aa1a842c85acfed2d6
isomorphismes/algebraic-variety-explorer-mobile	probe/idric-f16-surfer-core	fdd52b2770bcf5f1b66053678c434dcb74e02744
isomorphismes/algebraic-variety-explorer-mobile	raytracer/resume-prepared-core	bc276cebe9f2dfb65a37c5bb928bbae0d24412ed
isomorphismes/algebraic-variety-explorer-mobile	surfer	3928dcd1d023baab7c44bb4fc34f0ebe331f6237
isomorphismes/wegert	Idriç	9ea78b67077c5645ddd36607d023617d92f3542b
isomorphismes/wegert	agents/repeated-failure-guardrails-20260909	763398e5d31c15aaef75cdb29cfb83e5785df9a4
isomorphismes/wegert	agents/runtime-video-evidence	8854fe700dc959b30bd4957bfa9146e07e15ba21
isomorphismes/wegert	android/pin-test-signing-identity	945f4d29b3dccde717be2711b1ae9a62e9a5f8c7
isomorphismes/wegert	archive/botched-renders	e1156f9c2fc369e056e7bda37be7368ed36d5396
isomorphismes/wegert	build/backend-apk-matrix	b2148d17460acb8fc27ecbe633e2ea3a348f5d69
isomorphismes/wegert	ci/android-sdk-setup	d01d431af0e1ae1f4205031e8100a7e317bd7778
isomorphismes/wegert	ci/central-android-signing	04a4fe522a3c28207727a9ce57bcac8a0c56eea3
isomorphismes/wegert	ci/pin-setup-android-v4	458a638fc44d3e41d8ed32f6071f1b65da72f4e1
isomorphismes/wegert	ci/source-built-ick-apk	041c598501492a4f522a89fc57e56edafe6159c6
isomorphismes/wegert	docs/android-demo-inline	0261f83d6dbdd7b0c2bc397908f5c757073578fb
isomorphismes/wegert	docs/android-ndk-canonical-backlink	5dd373463c64af9883166234e9923200ba1d4d4e
isomorphismes/wegert	docs/android-ndk-main-backlink	4486f5a63ad7b102f4f3e73863ea69a8ac32c2f6
isomorphismes/wegert	docs/compact-agent-guardrails	95ccf71b51e24a29d6af46fa3c551111ac231d6d
isomorphismes/wegert	docs/explorer-rendering-boundary	8fb8ce3a8eb24c96e9791248eb60016b0d2d87cb
isomorphismes/wegert	experiment/edric-glsles-host-mock	ddd5e581292693c08539110f7b3debd0759e618a
isomorphismes/wegert	fdroid/no-gradle	76bf5dff0891c95beecb695d540a8ff30d3ffe57
isomorphismes/wegert	fdroid/pin-buildserver-schema-tools	98be7b81ffbce60391bf34eb979269a28b70ca4e
isomorphismes/wegert	fdroid/release-workflow-hardening	42188856fcce810a863b9fb37f648f2160f6fcac
isomorphismes/wegert	fdroid/store-screenshot-provenance	59ac978e02f1d5a1f4d596c023377286d79bad22
isomorphismes/wegert	fdroid-candidate-receipt-consumer	d29fa6077bee7aed7011d3ec77aece8a633ad365
isomorphismes/wegert	fdroid-triple-t	a9f1d5c60d69906d82513da0e3c6fc74dc2e4ed4
isomorphismes/wegert	feature/direct-dex-jni-release	274c73c18dcdabd58fea7209df7c6d30be16a704
isomorphismes/wegert	fix/zero-infinity-launcher-identity	782439ec5e418558b357d6961a231784c736d953
isomorphismes/wegert	fix-github-video-previews	a5e064c449e6d674a300127a648e6b2d32094bd8
isomorphismes/wegert	google-play-release	874771cc1f19d81e7676f87fb8180405228d2a78
isomorphismes/wegert	holomorphic-attempt-2	5b4683f22c19aa90cf67aed3872ca1d85dc028f1
isomorphismes/wegert	homepage-cleanup	47a06619df970cf162eeba23fc7b6704fda3dd9c
isomorphismes/wegert	homepage-draft	bbd84dce389788c2276fc9982641358e220a6cea
isomorphismes/wegert	homepage-secondary-text-contrast	c2a526f110fdfa41c56533b38a94c5543b3553ad
isomorphismes/wegert	html5-video-readme	11559afdc8809e2dc5532198929e3dc9e87820b9
isomorphismes/wegert	jones-trefoil-icon	a6543e1920d1f0d3e74a550a0d05ce93a81b1b05
isomorphismes/wegert	licensing/include-gplv3-text	213c1dfe860585d9fd1addb93ab13f054e8d6991
isomorphismes/wegert	main	dfa3751f0282cdf6a2083c97063b0e8e996d0d92
isomorphismes/wegert	movie-writer	0cc3e24815e7a8be5d811818bb22211561b5b0bc
isomorphismes/wegert	organize-code-rendered-images	2cc1818facc03ac7c19c9e7414f163b8c4d9b79f
isomorphismes/wegert	provenance/asset-audit-32	a871da92119ceb1174f68780ecd4ec8ea5f925bf
isomorphismes/wegert	publish-homepage-pages	4ed377d2ec008211f155f50378cacb9de85bb3ba
isomorphismes/wegert	qualification/full-ick-native	71e6f969b102d70a06ebb2d98b6426f79f287173
isomorphismes/wegert	refactor	d326c1512079fd4440a7289cf95f634e48d0f912
isomorphismes/wegert	remove-continuation-mode	f9a513d1df6a85d26630e783c97e89102121aa63
isomorphismes/wegert	render-runtime-acceptance-2026-09-08	881cacd5018185ffb2f890e2b89412e76ae225f0
isomorphismes/wegert	repair/functorial-complex-c	d1f3282a0e447c16b7e4f9d1966a5954dabf6bc3
isomorphismes/wegert	restore-wegert-reference-video	9f91b4a662040962c7da0bcf15a6f160c9ec13da
isomorphismes/wegert	sun/ick-paired-direct-apks	03c137e6b477c3ab747175ce8260b3e2eed15185
isomorphismes/wegert	use-kitchen-movie-build	6bb125a64f4d2832fc5503e91c5f55bb180ce6b2
isomorphismes/wegert	video/capture-v0.1.50-runtime	4cce3b1f921e0a402541dd69626a7a33e7acd5b0
isomorphismes/holomorphic	Idriç	31aafce5ceaa14bd87b29cb08ca6f61525ec14f3
isomorphismes/holomorphic	agent/manim-function-movies	7fc5b8dcac69313c10ae58c12506a3d43faac70c
isomorphismes/holomorphic	agents/repeated-failure-guardrails-20260909	c0fdc25d7b2aefe1cf9386ae7e196f5015dc6f9a
isomorphismes/holomorphic	agents/runtime-video-evidence	203824b2e58a740bbc1401933d07b7b42bdb7f96
isomorphismes/holomorphic	android/structured-shader-follower	fb11fb55d761451d6f2164671f57477efcea57b0
isomorphismes/holomorphic	android/verify-replacement-install	3e80f7b8ac0a9f8413afe81d41713e256f532e02
isomorphismes/holomorphic	apk-release	b2be743594fe12eac6815c21fabb03d17a4a0ce9
isomorphismes/holomorphic	arm-evaluator	ffa62008334d100d9b0d3de7527a0499a97ee556
isomorphismes/holomorphic	attempt-2	e744cd62245163b481f5d6e1a800e601e249af96
isomorphismes/holomorphic	audit/split-verification	43198be8c490cec880c83e454213c25819e9d83e
isomorphismes/holomorphic	audit/whole-plane-mathematical-contract	d34f2667d8bf9539b53f9195728f91ba0f23b55c
isomorphismes/holomorphic	build/backend-apk-matrix	575bc7af6da045e2ede2b5396317816fae28aafb
isomorphismes/holomorphic	cas-precompute	6ff5e92b9786a89a107588553a26e831f4f00a10
isomorphismes/holomorphic	cauchy-field	13075712341b8006024bcad8a08710c5e1bec846
isomorphismes/holomorphic	ci/central-android-signing	3c275703397d4d0a903daf8f3fe981b99aefdd4f
isomorphismes/holomorphic	ci/group-explorer-apk-runner	993cb336baabaca2d45c524d8aea7318dffe0eda
isomorphismes/holomorphic	ci/group-explorer-pr1-apk	d4f088f2aa3362e81877b87b3b105f2351e64cd2
isomorphismes/holomorphic	cleanup/holomorphic-random-boundary	324a3f6bf319a25fa14250f98889379e6af2ac9a
isomorphismes/holomorphic	cleanup/lacunary-split	0e0207299fbed65612137345b229bf7d7b9b55cc
isomorphismes/holomorphic	cleanup/remove-live-lasso	83c4b9d48b5dc8781dba0d1c718a4696826181d3
isomorphismes/holomorphic	docs/holomorphic-mathematical-contract	3dd635972c4ee03da985127c6eb3c9051babd045
isomorphismes/holomorphic	experiment/coefficient-budget-6	52d3fc8da50d5baba9b249f2ea06cea3cd0b24c1
isomorphismes/holomorphic	experiment/issue-33-gpu-holomorphic-flow	23a47ae14ae8dde0c7265c9442cb89e0202fbb5d
isomorphismes/holomorphic	experiment/mali-apk-video-capture-20260909	e6bb7a7bdad0c42c718e4dae8b2a0d190f3989f7
isomorphismes/holomorphic	experiment/powervr-phone-fastpath	bdeeb7d855f61e4c4acef1c0bcfdbb1b75288eec
isomorphismes/holomorphic	experiment/powervr-phone-fastpath-bootstrap	cf7a831340f371ce697ba6d820101126b19259da
isomorphismes/holomorphic	experiment/viewport-scaled-wandering-singularities	564199e30b9fe83083b3a0056993c1339b9ff161
isomorphismes/holomorphic	experiment/wandering-offscreen-poles	4f57e1e02ca8b283d382743b3a7e1e3bb62e2636
isomorphismes/holomorphic	fdroid-release	5c4be244f3ea4c9721865907913f42b8656ce6f4
isomorphismes/holomorphic	fix/canonical-wide-view-correctness	a3b957e610a8a70b3b2995fd471df99d961f39a9
isomorphismes/holomorphic	fix/issue-54-deterministic-divisor-oracle	66d4b6a7a51382349cbe1e8c520b69617154434b
isomorphismes/holomorphic	google-play-release	0b14db80c1deaa97958e6c56be5185ba875eca78
isomorphismes/holomorphic	gpu-cauchy-field	49a432028b9f2690b5ed4d670a3580395cd81398
isomorphismes/holomorphic	gpu-evaluator	cb3b88f341ebfb727c581efdd72ce891ed892fc9
isomorphismes/holomorphic	integration/complex-projective-semantics	e672db28f99cae752a66f76f3daf764177672f9a
isomorphismes/holomorphic	integration/x86-complex-reference-render	800139fcabdda9f85f3f996c9aa9da9ecff09787
isomorphismes/holomorphic	issue-55/compiler-shader-provenance	08883b1a263632b26efce308b5d7e977e06e7f1c
isomorphismes/holomorphic	ithon_zero_infinity_touch	8c7dbb771aa4d96cdfb407681f9bd61c576e6715
isomorphismes/holomorphic	lasso	43192699a543cf0d44006ae801de184ed0df7bbb
isomorphismes/holomorphic	lasso-mainline	ef0ee4627f960e590ed0cf38cec75332be5171f4
isomorphismes/holomorphic	lasso-pinch-ci	9c9a7ba8851d4359704712e01a7822b34b0b11de
isomorphismes/holomorphic	lasso-public-release-publisher	5bdfb17ba9ccdba59ecbf9494392850650c928db
isomorphismes/holomorphic	lasso-stable-sideload-signing	a9a7698ea5be1bf2380383bd2b561d642da95709
isomorphismes/holomorphic	local-holomorphic-perturbations	650f20c67b9e3246d732bea8de90075e6e74cd35
isomorphismes/holomorphic	main	ce9d15e1c5cb2363201a61bbaa8eb10750ea1268
isomorphismes/holomorphic	main-lasso-apk-gate	e9938dd04f040b0d0a4a53cf744ac7f99c0cee69
isomorphismes/holomorphic	merge/cauchy-field-wandering-orbits	3fc5540366db84e2157cf6b69d92238be26b6c59
isomorphismes/holomorphic	native_convergence_explorer	525bd6cb785d24be180c9edd3f5b87943e9c5995
isomorphismes/holomorphic	native_explorer_apk_release	a9db2ff6f8ef125a8523df11e0be82b2415f9b49
isomorphismes/holomorphic	pade-approximants	c6af56129d8be10adc8ccde2440eb705865080b5
isomorphismes/holomorphic	park/pr-49-cauchy-field	398f8d4fc2434b711a35fac02d2abdd470e84132
isomorphismes/holomorphic	perf/horner-polynomial-evaluator	d506bfe70ff362aa9cb0091f96ba1a900ef27676
isomorphismes/holomorphic	properly-typed	d383dbbaf850eeb94855f7c9dcf8f7b7eaf4be4f
isomorphismes/holomorphic	random-holomorphic-deformation	f6320e183069d23e2eac0616f7da0cd44a017e50
isomorphismes/holomorphic	refactor	e5fdbe6a44166d934f0ef6f15bb5b12339517710
isomorphismes/holomorphic	refactor-work	41e9f9fdc1cf87a1abac80b8a176fef8b3fc16a3
isomorphismes/holomorphic	release/canonical-smooth-orbits	b33c7b9cd1717ec2a988e0e4e2e9fa9f5cd38c7c
isomorphismes/holomorphic	release/0.2.2-polish	d902d7db3b05cb91f295e786686408b22b4176c3
isomorphismes/holomorphic	remove-manim-renderer	3824048e55fad73ac90ce1cd3c1d4b7469045996
isomorphismes/holomorphic	render-runtime-acceptance-2026-09-08	9ae9ed267fd1c65d7191fc0e5479b94a0d1f472c
isomorphismes/holomorphic	rigidity_function_recognition	bcf5edb21b7c8e0fdc82a90a20b4198a6584c8af
isomorphismes/holomorphic	sage-reference	db40df6c14e743f4956933b9c21efff2838e4623
isomorphismes/holomorphic	test/wegert-color-parity	7fca9a542cf838e0b8e596224be812bf8241522c
isomorphismes/holomorphic	tested-apk/mali-lowp-touch-pass-2026-09-09	c7e0a2d8e05daec101f785a61cad9aeefe7230d7
isomorphismes/holomorphic	trigger-lasso-dev-v0.1.0-release	b9a51e5b2657cfc203bf2b556e400cafc8700ece
isomorphismes/holomorphic	trigger-lasso-dev-v0.1.1-release	c3fd747831c3ccfde953e1843cfa7e85d9ed8ce5
isomorphismes/holomorphic	underdetermined-vibrating-domain	df135ea0a8e03567fb037e7fd203d80717091b75
isomorphismes/holomorphic	video/holomorphic-wanderers	9d3a7e394f5981aaf7bb30446aeb98846a1bcbf3
isomorphismes/holomorphic	visual/visible-holomorphic-soup	096237e39655b973a9da4f7fad0a31b01ce93021
isomorphismes/holomorphic	zero-pole-continuation-view	9b703be8fe8df07a8461d654bceb245e18dfce94
isomorphismes/non-poly	agent/wegert-calendar-functions	4bf301ee6ec1a518ca186b37092027a8471f9fe0
isomorphismes/non-poly	main	4d6ae735af2fab8d9ee2425db74a33b547672ead
isomorphismes/manimi	cairo-backend	f934bdc61e6709cbb7b56045d6194a83d5a985c3
isomorphismes/manimi	clarify-animation-interpolation-ends	044fa07a97ae1f240607ad3a8f25178b96485216
isomorphismes/manimi	convergence/real-ithon-loader	1ac12b780b697ad7e7f88454128e495b62981a84
isomorphismes/manimi	docs/modernize-sphinx	2726a3556420de55a52a6f6836559fec21071dac
isomorphismes/manimi	draw-more-fills-together	db3340f168755e6e7afdbda5eb9532ef2078bacf
isomorphismes/manimi	elliptic	5676a6c4b98253cf7de6f3127b396c8964746dc3
isomorphismes/manimi	fix/ithon-host-render	f28831c561b5188d105c3bd5da2ce0cf0cb51e4f
isomorphismes/manimi	fix-recording-inserts	6ab3d7224ffa36acfbfa24f5b803f74bb93ea3e0
isomorphismes/manimi	fix-updater-in-animation-issue	8f2a8576ffdb005d12fb5ec4b1978c2d32e7b3d8
isomorphismes/manimi	fix-z-index	de6240cac9c98bb6c1adcc7b214e13ef73d6818d
isomorphismes/manimi	gh-pages	0a2963d83fceaf994bdcf54f7f13b0618a7ba9cc
isomorphismes/manimi	lagged-start-time-spans	b22c445cad16b7f596dc4ed1911cb205fa23a556
isomorphismes/manimi	master	83d6ff70221ebe8975ed6db2e9c2eac8f10ab85f
isomorphismes/manimi	rewrite/ithon	b62e30a3c36cd40313082d75adda22b07cc54c7e
isomorphismes/manimi	rewrite/ithon-images	726014af6518e2a160ef37950bae53b7561b6d25
isomorphismes/manimi	video-work	a78716a9742f089097b1a292af507c71832cbd8f
isomorphismes/manimi	worktree-wgpu-port-plan	b8e19d3f999cdb0df051355263e3e4856e211c6d
isomorphismes/3b1b-videos	master	fe3156964aba09078434d26e2dc01d3f973c4e40
isomorphismes/coefficient-root-dance	fdroid-release	3d1435a62e33c111305cdcdeffe4525205416bb8
isomorphismes/coefficient-root-dance	fix-emulator-launch	a26fe62b582d3c7486cf98f524c40a949c34bb73
isomorphismes/coefficient-root-dance	issue-5-root-loop	4cb4a1f0af2b72c63a52c37dfaad11157d0b734a
isomorphismes/coefficient-root-dance	main	18e1c4e9daa12c85c872af77355e8caf45fc3450
isomorphismes/coefficient-root-dance	native-touch-prototype	dd8a5d9a8cc74fcd3d3e45b10f40ae2c2aaf723a
isomorphismes/coefficient-root-dance	repeated-root-circles	59b4c1e7be214a51e1060464036e54cf2ae42b91
isomorphismes/coefficient-root-dance	repeated-root-circles-with-launch-fix	c09ccf8239260a373f56e98e4022e37f647289be
isomorphismes/coefficient-root-dance	tmp-unused	a2ad4a2ed42d497687520d2da11db101a6eb26be
isomorphismes/Cayley	android/reconcile-mobile-direction	8f08597efacf66eb0a0447d867373026e3de2b63
isomorphismes/Cayley	cayley	61f5937498b4dbe5e4d26f31fd8c9cb7da607235
isomorphismes/Cayley	cayley-controls-first-principles	49069b2f46d082ef897d37dd8df0c905f514450c
isomorphismes/Cayley	cayley-first-startup	49069b2f46d082ef897d37dd8df0c905f514450c
isomorphismes/Cayley	cayley-interaction-redesign	49069b2f46d082ef897d37dd8df0c905f514450c
isomorphismes/Cayley	fdroid-release	a79dcbbe7a785c8040a910bfda9e222e65c23d55
isomorphismes/Cayley	inspiration-pdfs	39b52162a2ace21f49549a2fd4ca1564d8cfaf46
isomorphismes/Cayley	mobile	49069b2f46d082ef897d37dd8df0c905f514450c
isomorphismes/Cayley	mobile-apk	48db492b58751fbd93ec334e45864ff3532101fc
isomorphismes/Cayley	mobile-escape-hatch	178ff7cb2116641925f6604d7027c0835c3a5579
isomorphismes/Cayley	mobile-library-table-cleanup	49069b2f46d082ef897d37dd8df0c905f514450c
isomorphismes/Cayley	mobile-random-group-first-paint	6113903d00d8267769b13333873382afea56a729
isomorphismes/Cayley	native-android-random-group	e0dfb410903a7eacef70620fc07b5bb0c2817046
isomorphismes/Cayley	scriptable-symmetry-patterns	778330fdbdfeb595bf1fdd021517a1f5298df243
isomorphismes/Cayley	scriptable-symmetry-patterns-apk	bcf447929e433fa4968f7cb28d842e7dd65c937c
isomorphismes/Conway	android/stable-test-signing	8732a61013a9b8f03845abd34c9d83ba7cefb5ed
isomorphismes/Conway	android-infinite-wallpaper	65b7ba61b83ae92c21e334f5ef30412f097c7537
isomorphismes/Conway	ci/central-android-signing	894abe990dce58d876d7db8f09626f3c66d51448
isomorphismes/Conway	codex/reorganize-and-runner	fe3a9f20ad913d06f9e52c5235813f419981d423
isomorphismes/Conway	fdroid-release	c08e933e59236ab474ea9c88123186a5ed5196dd
isomorphismes/Conway	main	67297505bb9f917deacd85df618ffabcd1439f7f
isomorphismes/Conway	references/symmetries-of-things-summary	2ddc480cfc15d3f3f1577157a68f089c349ff6eb
isomorphismes/Conway	sensual-quadratic-form	98686d1cdfbdf27e551a5227d0031b49e5536f66
isomorphismes/L	android-ci-base	2b9a97f1596d49d15cf3f8c0e0ed49f34e5523a8
isomorphismes/L	android-edric-wegert	8423b1ca791eb4e299606cac6be07679c5a1d95b
isomorphismes/L	fdroid-release	fa3b5beab4b2c31b44fc9a3845b59d359d51f883
isomorphismes/L	lmfdb-wegert-stub	c4038f507527624ca17ba07e8d2a0f2a6502e266
isomorphismes/L	main	668f0c4876c861635c1437cce0c5097f248854b8
isomorphismes/soap	edric-surface-player	510f75e064f4aaac3624877d9ccbe8b1d78de16d
isomorphismes/soap	f16-rendering	3ca51f292ce8bc251b9afe8559471cfb4d90eae5
isomorphismes/soap	fdroid-release	db0eb0cbeebc6fd95af6fb4885d4e096fb8aba77
isomorphismes/soap	import-ken-brakke-surface-evolver	6137fc98d3bbc36c4aef1fea23f9b8b5832c7005
isomorphismes/soap	main	3f9695c3f85b68e3a20fbd50e991d44915fd3ee9
isomorphismes/klein-quartic	master	b4e54a451ea9a0598ba7f172233449bf7bc24d08
isomorphismes/hopf_fibration	add-walczyk-reference	2d06b730aab7e8434c27512fc3028758695e1a7a
isomorphismes/hopf_fibration	android-native-hopf	e1b70283c9497c9abb00352d6dc5949f769614b6
isomorphismes/hopf_fibration	fdroid-release	3aa62eaf648aaed6fc2e7113973113f6a615b0a8
isomorphismes/hopf_fibration	idric-hopf-math	50dc008a1c89ad4e1a89f1229aa8efcb35f21cf3
isomorphismes/hopf_fibration	idrisize-walczyk-core	16db02ea0c69aae7765ce57bb15947fa842fd08d
isomorphismes/hopf_fibration	master	f2fdb7e6d626d66df8af820d3acd0cba641fcc41
isomorphismes/ortho	fdroid-release	35c901b51a25326078503c096c83ca191263a6ea
isomorphismes/ortho	main	b7128acbfd22bc69c91d3dd4a1d0a686c01cfdb3
isomorphismes/ortho	orthant-native-v0	f83b54c668ab2dcc4fde2f87feada2ea27da6d54
isomorphismes/kleinian-groups	master	a58b94c0eac82be95af9e9decbf51e21f287d891
isomorphismes/theta	main	aefc9227d47d4a270ca05fe709affd99e3e03660
isomorphismes/theta	renderer-bakeoff	946ab4e13690c65cf812844144345f61a803978a
isomorphismes/theta	research/borcherds-mumford	be0a8b09f834179af3eb5b4a7a3fd40d951336f6
isomorphismes/yt-shorts	agents/repeated-failure-guardrails-20260909	91d93af8ab726e3e39a8762e0196bafd982d2388
isomorphismes/yt-shorts	aici-first-yt-consumer	7c6301f93f497b714de9ea3e0f50a4a8869557dc
isomorphismes/yt-shorts	ams-what-is-articles	f73e306eb38a90278fcc53ba4baaf57d767f2e72
isomorphismes/yt-shorts	andrew-ranicki-pdf-notes	d70c043131ec81d7dcdae8d0809fc1b684f54316
isomorphismes/yt-shorts	berger-riemannian-surveys	a4ca7a3eb129af8768a3bbd2d4c37212f65dd9e6
isomorphismes/yt-shorts	car_projection_manimi_short	dea629e4a314bc105d8c5805aa8d974b9152d606
isomorphismes/yt-shorts	dror-bar-natan-pensieve	f3f8c0fb1ed6c54b5556a1ae8562103eeef19c10
isomorphismes/yt-shorts	gromov-curvature-diameter-betti-notes	61fcdf9d650d503fa3410d079a102b4f3871fcd4
isomorphismes/yt-shorts	gromov-essential-directions-short	bd31dbf1461b60863776727fae2039cf11b235b3
isomorphismes/yt-shorts	main	f680838bc4016ac3f7a9e1c65f2f4c4cc7216b66
isomorphismes/yt-shorts	miles-reid-source-notes	154ce7e6c68838274b736db89505f041927019fa
isomorphismes/yt-shorts	minimal-surfaces-matthias-weber	3ce595730586b980c79ffeb95be00017e979a6e9
isomorphismes/yt-shorts	pearcey-wegert-t-build	c1c1066231a08d063084a745d59db6031a6af337
isomorphismes/yt-shorts	preserved/gromov-curvature-companion	11989fb34bcdbce700ac0d01dae5781429b701d7
isomorphismes/yt-shorts	preserved/gromov-curvature-diameter-betti-short	bd31dbf1461b60863776727fae2039cf11b235b3
isomorphismes/yt-shorts	preserved/pearcey-wegert-t-build	c1c1066231a08d063084a745d59db6031a6af337
isomorphismes/yt-shorts	research/gromov-curvature-companion	11989fb34bcdbce700ac0d01dae5781429b701d7
isomorphismes/yt-shorts	research/maya-api	6d0854059775aaf02a53d3a0d001c236739b142e
isomorphismes/yt-shorts	sources/berger-gromov	1075e114ddca6b0112da937cb1993a56b7addf95
isomorphismes/yt-shorts	sources/oliver-byrne	b9cafbdb462fde7551dec2625c19b2693d9c1393
isomorphismes/yt-shorts	teleman-roots-of-unity-short	d098048ec689a32d56f3fe76747918e914f258b0
isomorphismes/yt-shorts	teleman-wegert-k-loop	12c207c784e397c0c005a5a099a8c5ccb6103d3e
isomorphismes/yt-shorts	theta-mellin-short	2664752f5c005edfc792204e066aaba63bba5dfc
isomorphismes/yt-shorts	theta-notes	0694fe75aac4df379d77bc1282e2bf1fd061123e
isomorphismes/yt-shorts	trigonometry-notes	ca13fd1216fd9f780a281ede75a528b16fca1802
isomorphismes/yt-shorts	wegert-calendar-2011-2022	3872d25c37576494b43de1bbed064828f427f15d
isomorphismes/yt-shorts	wegert-calendar-lessons	962c2ab743fd0e447f7363c915d0029e532e9584
isomorphismes/yt-shorts	youtube-upload-ci	998a828e78bb75c002af95d325c6c5eb268e63de
isomorphismes/yt-shorts	youtube-upload-ci-final	2e6b2b20e536851f586779597a16b9e43cbca682
isomorphismes/yt-shorts	youtube-upload-ci-tested	cb5ca0333403641e98c8362a53449b3c04d5b39b
isomorphismes/yt-shorts	youtube-upload-ci-verified	998a828e78bb75c002af95d325c6c5eb268e63de
isomorphismes/indras-pearls	codex/pure-c-math-core	3aede78ae5e47a00fd3b70f9c412eb61986fed32
isomorphismes/indras-pearls	experiment/three-complex-discs	0f376740fedd73e6076a41933ee5f5c87289f9ef
isomorphismes/indras-pearls	fix/live-schottky-radius-control	1925362fe96a3bb5acd0bd11e8aa9c21ab79a23f
isomorphismes/indras-pearls	fix/live-schottky-three-complex-controls	665329818b14677342956515c991782ca23d59f2
isomorphismes/indras-pearls	fix/original-kleinian-port	32e7004b92c10b2ffa417e6e8412d60f6997a43e
isomorphismes/indras-pearls	fix/original-kleinian-touch	aabf2f9e875650e31544cb48777782da6f4de912
isomorphismes/indras-pearls	fix/stable-test-signing	ee7a71a0a5b8530c52337c328d02f45784677e33
isomorphismes/indras-pearls	ick/production-armv7-apk	7b6d5630cc6093b7dd59dfe2f156659286bd2251
isomorphismes/indras-pearls	ick-c-renderer-packet	1dc41dd85d6390293ddbcd1e54d8b4c4a3e31622
isomorphismes/indras-pearls	integration/coxeter-word-handoff	d973ac26f4a7e45230df5340a0c573bc6d45ac33
isomorphismes/indras-pearls	main	e6c80fb390209a848308041cc643b2d73c21d9ca
isomorphismes/indras-pearls	miro-a1-ick-native-apk	c5464f4d6c4e0a1e2b16389eb29964f4887ecfed
isomorphismes/indras-pearls	miro-a1-thumb-stripped-apk	e00d36b88a7ace0b70273059f7990922874b88e2
isomorphismes/indras-pearls	notes/krohn-rhodes-automata	1d952a949204bfd778546572f4266f5cb54b98f4
isomorphismes/indras-pearls	notes/rendering-ruffles-frills	495e9df9ab161f86a5d2bc40a54833c3fcd6b30c
isomorphismes/indras-pearls	philogb-notes-ndk-touch	1cf111ddbb95f10d054bb3622ae7b31fda582210
isomorphismes/indras-pearls	philogb-notes-ndk-touch-2	173637fbd0ecacecb602b35b76ef5c77ecafe009
isomorphismes/indras-pearls	tmp-unused	173637fbd0ecacecb602b35b76ef5c77ecafe009
isomorphismes/coxeter	integration/word-context-prompts	94e7f81af740f7eb652cbed4e4f7269ef3369dfb
isomorphismes/coxeter	main	2e0f4629815cddea3e6eb2865cf8a4c32d9a2b94
isomorphismes/coxeter	naive-lie-theory	e1a2fc46883063fb29377e97148cef9eec8306ee
isomorphismes/coxeter	octonions	4f2eebd48ad597c309f10a211b1cfbcb642f34cc
isomorphismes/coxeter	research/reflections-dynkin	a09ee461be396c25c635175fb5df33881d687788
isomorphismes/lacunary	agents/repeated-failure-guardrails-20260909	d917574fc27759663089f4948e52182e5363d033
isomorphismes/lacunary	agents/runtime-video-evidence	6be477361eb66b72b7db5b455cdc665596326591
isomorphismes/lacunary	archive/full-native-prototypes	b5bddd1841d3f572e516a39ed6ef8b78cfffb1d5
isomorphismes/lacunary	docs/disc-bergman-provenance	337da1ec4d14002dd267d5c040242e1d405a3afc
isomorphismes/lacunary	main	69596463c79187328bf4dcce6b93e4bd9d50b40f
isomorphismes/lacunary	migrate/analytic-continuation-experiments	de2214921da611fea163baff33b9338a12015d51
isomorphismes/lacunary	render-runtime-acceptance-2026-09-08	8586608b21b14d8e13a471ac49ff46852fd07c7f
isomorphismes/Byrnes-Euclid	book1-proposition47-draft	e45d5c06437e0c67fd8c4d13376e935f63130c59
isomorphismes/Byrnes-Euclid	main	ed52b40454c8431ba16cb50406343ce6558b1418
isomorphismes/Byrnes-Euclid	touch-interaction-sketch	09cdafdb69c10a36930ab997070daa3d4662d8e8
isomorphismes/byrne-euclid	master	10744dfafb1eceea3023df12e2b5d9744d324c42
isomorphismes/solver-engine	dependabot/npm_and_yarn/api-proxy/braces-3.0.3	c2752080da9be1f6ae2ab4783baf65e85ba8a623
isomorphismes/solver-engine	dependabot/npm_and_yarn/api-proxy/multi-8a99b2c3f2	4ea39f32c85ca96ba3a669d484319c481f54a347
isomorphismes/solver-engine	dependabot/npm_and_yarn/api-proxy/multi-9423f4c335	105eedc8ce4e9b48da7accc1d2dc3b9d9aa6aa0b
isomorphismes/solver-engine	dependabot/npm_and_yarn/vite-4.5.5	e41ee2e1406970bd0c66ad962aa8d59484153715
isomorphismes/solver-engine	main	a16c3e0b7519913d728f33299739c003fbb588e0
isomorphismes/pyggb	INF-414-plugin-security	c2504da8dfd77965cd291a84e01977ec8de2b905
isomorphismes/pyggb	browser-devices-draft-1	b7bb2f1c2b370ce52e16cc94be8a98346f6d1552
isomorphismes/pyggb	develop	c6628a8d11538a0d3142513d85a0a2edfb595686
isomorphismes/pyggb	github-pages	f541b4df321b8adf7b54ae70c818fbce5e077469
isomorphismes/pyggb	main	c6628a8d11538a0d3142513d85a0a2edfb595686
isomorphismes/pyggb	update-deps-vite	d4ef8e55456be3eaaf12eab142417719f17afa52
isomorphismes/geogebra	amplify-setup	359e5689186c09a446637014954c12140deba766
isomorphismes/geogebra	copilot/migrate-tests-to-junit-5	caf7863d74f742779f6d2931fdf1a287252c2fe7
isomorphismes/geogebra	main	4873cd881d12dd11736826e4c5c5ede162a33deb
isomorphismes/pauli	android/functorial-renderer-files	cb27c94bd624aa7b1d7659ee967cb2c63ffd1f4e
isomorphismes/pauli	android/native-fast-shell	7f2f332943c28bedc729cb1fcf5d1946d55abb72
isomorphismes/pauli	android/orbital-viewer	5d43e69a63173b44120782d684c77283316120bd
isomorphismes/pauli	android/stable-signing	4f57c0c06f70c1230dc9b3ba01fac6706fe2887b
isomorphismes/pauli	books/coecke-cvitanovic	8b5e718c86f35f5cf763eb2edd041f4a31c3d3be
isomorphismes/pauli	books/deep-style-references	606ad51ed14768adc6ea6e5e2414ac3388f4be71
isomorphismes/pauli	books/eva-miranda-stephanie-frank-singer	25338bc7da32ee7cd1f37a468a1008028d8978cc
isomorphismes/pauli	books/what-is-magnetism	2a370161bd057a3f1ee23fdaae1d7a5d86862b43
isomorphismes/pauli	d/basic-pauli	d1f9d896ee4ccce4874486708e7dedcd0b9d645a
isomorphismes/pauli	docs/android-ndk-canonical-backlink	0a1d16d0352519357358977cf766d1c1b6b857ec
isomorphismes/pauli	docs/android-ndk-main-backlink	b4c9573d3b5e9b37357e08103371480583d7bdc0
isomorphismes/pauli	fix/android-emulator-script-state	bb314829c9c4bf74540ed8031a1113e439622823
isomorphismes/pauli	fix/android-emulator-script-state-complete	7f2f332943c28bedc729cb1fcf5d1946d55abb72
isomorphismes/pauli	main	11fa8e1dfbfdfbf776ec26ae0d5656aadc090b8e
isomorphismes/pauli	movie-rendering	033074cf59f506f2cb4c762d2d1c223f7fb0681f
isomorphismes/pauli	notes/derivation-spine	a466f9c3b8784cec96ebd9d3170aced8c4a96c2b
isomorphismes/pauli	notes/eponyms-plain-language	61044170920a1ab2108ece78c576de715114c65b
isomorphismes/pauli	notes/fix-bound-state-explanation	c48ee907e21c9b25f3aed13c23f8297e09e34cd5
isomorphismes/pauli	notes/laplacian-sound	9c5e0c6ad07fb15ad98dc27c49de49af32de7b80
isomorphismes/pauli	polar-f64	a5d688f123b797acd14082f420b1bb0e99cb3061
isomorphismes/pauli	publish/hydrogen	8abbcadba5691fbdc9a73a53f819ac598068f02a
isomorphismes/pauli	raytracer/idric-types	1d6aa3ad00bd6157ad78ef29f678c4eaa01c2a16
isomorphismes/pauli	refactor-hydrogen-state-hierarchy	cb1d2eded6c09d7777c565df4041d9f120fdbed7
isomorphismes/pauli	style/questions-not-formulas	c9c2eec46491866184c669646969ec54d30b89f5
isomorphismes/pauli	sun/p1-checked-hydrogen-renderer	b3d9aaba4be179b3cab1efbe0e535f3ef289b51d
isomorphismes/pauli	symbolic/scaffold	53338354ae236ddd9a03cd501e594fb302ad7dd5
isomorphismes/pauli	use-kitchen-movie-build	80bf05e97b6d6fa06f6c81d48c78448570050c11
isomorphismes/knot-complement	data/pentland-hills	a0c8e59896ecc6165dd1a3b4a48f5d215ec4ebc8
isomorphismes/knot-complement	main	0a7c9db323dc3cc13784bb36bbcd59ae35d83899
isomorphismes/knot-complement	math-fun-flythroughs-2	3d50a4132aed72ad04980f4b7b3e8c00174ccf0a
isomorphismes/knot-complement	notes/geometry-game-plan	6bfb47dd460282be01e09f8cbdcb925cc753fdb1
isomorphismes/knot-complement	prototype/little-prince-sphere	7599b25b8b8b5d0a3ad6e0ce424ab8c1928fbedc
isomorphismes/knot-complement	refactor/recenter-core	decf8a2e4a0e21affebfee73727e2a0c7d1ad00c
isomorphismes/knot-complement	translate/original-agda	17509df0d9188dca20f85ec3adcabc4a2bbce2f3
isomorphismes/Fourier-sound	artifacts/s1-af507e9	508856abc0e342ae4c923916299b41cabe2f3995
isomorphismes/Fourier-sound	audio/fourier-voice-diagnostics	498cb01af1140dfbbb4025dc1d1f11d666875868
isomorphismes/Fourier-sound	audio/fourier-voice-miro-a1	059ceabdd4ed3d44f59cac555de53dd5dc99e589
isomorphismes/Fourier-sound	audio/native-input	a6e50030859aa15b5b79dcc913e9ebbefe6312d6
isomorphismes/Fourier-sound	audio/speaker-output	9277128e5ff3f628d3788f26129a9392a96a1093
isomorphismes/Fourier-sound	bench/qemu-armv7-numerics	da4d436d24f006e6c90c6de5b2957b43687ca1aa
isomorphismes/Fourier-sound	construction/sparse-series	a324830ddb780f789ecdf3af5551dba961de7748
isomorphismes/Fourier-sound	experiments/audio-construction-compare	82ea9d8d95a17d727f96bb19508cf2e690093ff2
isomorphismes/Fourier-sound	experiments/nightingale-cylinder-static-overlay	9dc429835967413a2328a1f8ec347621727cfa1a
isomorphismes/Fourier-sound	experiments/nightingale-fourier-movie	e729101db0a80ad190ee44912e16e1539f97a21d
isomorphismes/Fourier-sound	experiments/nightingale-splice	cfcdae52daff4110fc5d8c30d8face6512bfb35b
isomorphismes/Fourier-sound	fix/miro-smooth-render	8ff96ac58da930a296a714b5d03aa1788215b78f
isomorphismes/Fourier-sound	fourier/framing-primitives	40ae6e1b025c7ed9dc29442f0a02ced9c87a5b7b
isomorphismes/Fourier-sound	fourier/radix2-fft	323b3e8328fa3a95aa02b05f98a65b1e1d32cda7
isomorphismes/Fourier-sound	gpu/fft-wegert-resident	3c2ecaafd9384b2096dd55b11cca5a74ec0c6c83
isomorphismes/Fourier-sound	ick/fourier-voice-miro-a1	ce721cf203adef296e7095db003ab1801768338d
isomorphismes/Fourier-sound	integration/live-voice-render	12cb761ffab5c2e890999a9179784fcde49828aa
isomorphismes/Fourier-sound	main	ac0e9b40a556012b42be240f1c32c88370028b4a
isomorphismes/Fourier-sound	movie-rendering	8312044f148428c6bb932987c4f79f4e40f478eb
isomorphismes/Fourier-sound	perf/ick-polynomial-horner	7fe680511be5b03ee59ccb700fa9426be01d3a09
isomorphismes/Fourier-sound	refactor/functorial-icky-c	53a053af33e000055b235a84e411e3b3560b5461
isomorphismes/Fourier-sound	release/miro-stripped	40bdff12bf572543d28f2a6637f338db5c7519b3
isomorphismes/Fourier-sound	render/android-window	21e0617482c4651349004c5f0a111a39f41269f1
isomorphismes/Fourier-sound	render/phase-reference	3687e042f1aa47b0d05d1eca4b1f86ab9e45f9ad
isomorphismes/Fourier-sound	repair/functorial-voice-c	04353383b6383cc70885a0eb63ca473f45edbccb
isomorphismes/Fourier-sound	tests/public-audio-corpus	c9154744e900bea1ae5bf91d68d38c81cff7d2f2
isomorphismes/Fourier-sound	tests/public-audio-rendering	ac17d73934832a3941812e7345359bfef1d08e6b
isomorphismes/Fourier-sound	tests/use-sounds-corpus	d58a745d6781d7052f0e5068319050e4e4abb805
isomorphismes/Fourier-sound	use-kitchen-movie-build	c9d7dd24405b9c6aba950bee39dd8bf852e63872
isomorphismes/Fourier-sound	validate/sounds-corpus-integration	7bb16607c9334e04d28dd86e9c8d1b94188a832a
isomorphismes/sprott	Agda	15224e951e8695481af7284bba9881f686219012
isomorphismes/sprott	D	abe1d2d1bea91bfd020d9cbe44c76768ba1f1a44
isomorphismes/sprott	acquire/sprott-source-corpus	d5e429375529826ac3fa1fe15be505428fc3e2ab
isomorphismes/sprott	android/native-sprott-b	d2d9d24799aa85761b68ae286c126fe2b18204f7
isomorphismes/sprott	idric/basic-whole-hog	86c99a16d72a13f7a850efa618d0e3027b7863f1
isomorphismes/sprott	main	e7ff723337102f189a16859b17ea52457472e675
isomorphismes/sprott	refactor/functorial-icky-c	9b2ed7490cae7b07dc9aa46d8adbf7c5b6823775
isomorphismes/p-adic	main	534ee464a2a6cf6638c92a1ed7f0b63b073518da
isomorphismes/Hyperbolic-Honeycombs	main	d3e4bc3513f5e887b8dcda0195afb5596db0a47a
isomorphismes/Hyperbolic-Honeycombs	old-glsl-130	eab8e07e23a06b46ee421e6c1e478b9f30d7581a
isomorphismes/Hyperbolic-Honeycombs	volcano-lake	e64b0518724ef8f859eebdf7d55b87b3eceab397
isomorphismes/Fragmentarium	gh-pages	ad1a393d0fce65f5f8fdc2cef40fadc89f7ca716
isomorphismes/Fragmentarium	master	f0ff279de356d8d429db98e038ad5e18d21e8945
isomorphismes/FragM	develop	af85d351eb115a74072505328fdd486f24524328
isomorphismes/FragM	master	06653d8f63f3b5b640894130943375ff9d41b9a3
isomorphismes/spinor	ci/provision-spinor-movie-ffmpeg	e938afba9a4985bc639704210ee6b5b8fc16d877
isomorphismes/spinor	docs/credit-jason-hise	30a0ed70af32f957d9fd5d6d29daab3c708e4817
isomorphismes/spinor	docs/link-jason-hise-youtube	91a055a81422d285f050d806ec29939679703057
isomorphismes/spinor	main	830b4ceb6f029316cb53a5145fc6ac96eae21bd2
isomorphismes/spinor	media/repeatable-spinor-movie	30d065f286270de88c2e10d0cfb6e056bf4fae2d
isomorphismes/seifert	docs/arithmetic-topology-books	4b2637e339290fba3b4b513d4dd8939f3d34402d
isomorphismes/seifert	docs/arithmetic-topology-reading-list	09a71f1700baeda77056df6b3c032193016f3c5f
isomorphismes/seifert	feat/idric-topology-readouts	87f028e9e42dd3f892f8c425e4f45e95f8a04576
isomorphismes/seifert	feat/three-block-ribbons	eb1824cfb7acfd8344a03a0e399a6241e03f8724
isomorphismes/seifert	main	bf6097703892a4f8014caed8ed7351b02f3f74d5
isomorphismes/seifert	style/functorial-icky-c	aea9528072bdf9f18dd4b2934e8708f242c81c8b
isomorphismes/mostow	feat/living-hyperbolic-sheet	969a88648ea278301ea1359c4ad388ad55217b5b
isomorphismes/mostow	main	123e6c89bbd381e6cfc32a6512e3f06f3b507ac4
isomorphismes/beauty	facial-mask	cb1a57511cbd8385113482dc630ec050cfd1eca6
isomorphismes/beauty	main	34d0b6e04023c8ca4e7dd25b2381a2128f12c03a
isomorphismes/flower	main	e237192a4450963b298d65851cf03ae7dd3b3f7b
isomorphismes/flower	prototype/raylib-hold-growth	aa74149c17e1154c54b8db7d7ef3ef441614f37c
isomorphismes/crystal	draft/material-nets	18e5982a2b4ffd0711070a9191848dabc5e04096
isomorphismes/crystal	main	25b63837091c92e07738b1b51865603cc4b5e63d
isomorphismes/crystal	test/miro-apk-prototypes	63cfefc9c98eb3c10a0c797c788ee50678e75db2
isomorphismes/young-tableaux	complete-operations-staging	feb9e51b7c9ec483238dca2f3763b333a496d22e
isomorphismes/young-tableaux	hide-internal-partition-operations	98f3b0f4b27965667faac3242390e5d8d89c9116
isomorphismes/young-tableaux	integrate-ui-0.3.1	d97bde34522ea988b97aac385b7bf02cf8884dc4
isomorphismes/young-tableaux	release/v0.4.0-rc2	c56b6afc80cd39cf041658d84d7808f7fdef4fae
isomorphismes/young-tableaux	research/leinster-self-similarity	85809b665b0e389f8d821a67136872adb248b142
isomorphismes/young-tableaux	star/yt-independent-audit	34b194008b1a1adb30cf097d29fccbf075339d7d
isomorphismes/young-tableaux	sun/il2-modified-lua-admission	3df28f4523fef953e8ef206f0a51150cc19b9e6d
isomorphismes/young-tableaux	sun-y1-native-exploration	ecbe6aa61659a6f4230a741b022f526e100d0cbd
isomorphismes/young-tableaux	sun-y2-consolidation	20e075021b743909bc5c28764f787bae20381bc4
isomorphismes/young-tableaux	tables	f16ca4008a0959753a50067281f869e34bab94cd
isomorphismes/young-tableaux	ui-0.3.3-math-cleanup	d70cf9ffb60bd3a38523fcc4b47c6fe6d65077d5
isomorphismes/young-tableaux	ui-linked-tableau-wegert-mirrors	037b686c90762b0735f6c163070a502889fb1979
isomorphismes/young-tableaux	ui-rsk-sequence-plot	95611b1e8a356bfbaa6cd8a10e9b416474d4d2ef
isomorphismes/young-tableaux	ui-total-header	964ce5013cbc842d99c36fe383b7260cb4527e9a
isomorphismes/young-tableaux	ui-visual-rsk-jdt-edric-specs	d218064ed9615903c1af9e734d3a159771d93961
isomorphismes/mock-theta	icky-c-apk	25e9d40417e8bb4abbc9d91b679e5509042243dc
isomorphismes/mock-theta	main	fa30b9a240838dfee3255f5003417901d5f94513
isomorphismes/mock-theta	sun/mt-t1-panel-acceptance	3298eba5101a1b81057ede38235e2ce0deae6e46
isomorphismes/mock-theta	tetris-type-model	d8ede06a5a29b3d203d51c159661e9125e7ccde2
isomorphismes/pigeonhole	main	aeec21f370a8677ef8b1b9bb8c84e8ec3bdf4b8c
