repository	number	title	base	head	head_sha	merged_at_or_state	url
isomorphismes/algebraic-variety-explorer-mobile	24	Begin whole-program SURFER translation in Icky D	surfer	icky-dmd-whole-program	1a836e2bf39001daa1ad2f4a51f68686d04a5399	CLOSED_UNMERGED	https://github.com/isomorphismes/algebraic-variety-explorer-mobile/pull/24
isomorphismes/algebraic-variety-explorer-mobile	27	Allow deterministic preview rendering of arbitrary polynomials	surfer	catalog-polynomial-preview	cc087b3d01d3625207af6490dc139e2030787ace	2026-09-29T18:06:34Z	https://github.com/isomorphismes/algebraic-variety-explorer-mobile/pull/27
isomorphismes/algebraic-variety-explorer-mobile	12	Dogfood selectable F16 shader lowering	main	dogfood/idris-shader-f16	3d19d464b7fbf2400b6f3a9ebd08f9758bee80ce	CLOSED_UNMERGED	https://github.com/isomorphismes/algebraic-variety-explorer-mobile/pull/12
isomorphismes/algebraic-variety-explorer-mobile	22	Resume SURFER ray tracer at PreparedSurface boundary	surfer	raytracer/resume-prepared-core	bc276cebe9f2dfb65a37c5bb928bbae0d24412ed	2026-09-25T04:56:25Z	https://github.com/isomorphismes/algebraic-variety-explorer-mobile/pull/22
isomorphismes/algebraic-variety-explorer-mobile	21	Update references after default branch rename	surfer	chore/surfer-default-branch	5e83047de8c68168960565ec0eb0289c6c73033b	2026-09-23T19:18:31Z	https://github.com/isomorphismes/algebraic-variety-explorer-mobile/pull/21
isomorphismes/algebraic-variety-explorer-mobile	14	CI: follow current shader backend	dogfood/idris-shader-f16	integration/follow-current-shader-backend	94725dcba07ec7e13f44321f26c99d660eb19df9	2026-09-09T15:13:19Z	https://github.com/isomorphismes/algebraic-variety-explorer-mobile/pull/14
isomorphismes/algebraic-variety-explorer-mobile	11	Harden F-Droid release CI	main	ci/fdroid-release-hardening	8384b48e564974553892575129a080785a3f36c4	2026-08-30T03:33:21Z	https://github.com/isomorphismes/algebraic-variety-explorer-mobile/pull/11
isomorphismes/algebraic-variety-explorer-mobile	10	Add tested F-Droid release gate	main	fdroid-release	98398ee79417c4cde7549bf0890ed8ca4e2e7d67	2026-08-24T20:40:00Z	https://github.com/isomorphismes/algebraic-variety-explorer-mobile/pull/10
isomorphismes/wegert	69	Make complex mappings own Wegert native C	main	repair/functorial-complex-c	d1f3282a0e447c16b7e4f9d1966a5954dabf6bc3	CLOSED_UNMERGED	https://github.com/isomorphismes/wegert/pull/69
isomorphismes/wegert	67	Make F-Droid store screenshot provenance reproducible	main	fdroid/store-screenshot-provenance	59ac978e02f1d5a1f4d596c023377286d79bad22	2026-10-02T13:07:32Z	https://github.com/isomorphismes/wegert/pull/67
isomorphismes/wegert	63	Point Android-NDK backlink at canonical main	main	docs/android-ndk-main-backlink	4486f5a63ad7b102f4f3e73863ea69a8ac32c2f6	2026-10-01T22:26:56Z	https://github.com/isomorphismes/wegert/pull/63
isomorphismes/wegert	61	Use the central Android signer registry	main	ci/central-android-signing	04a4fe522a3c28207727a9ce57bcac8a0c56eea3	2026-10-01T22:26:44Z	https://github.com/isomorphismes/wegert/pull/61
isomorphismes/wegert	66	Tell agents to use Kitchen for movie assembly	main	use-kitchen-movie-build	6bb125a64f4d2832fc5503e91c5f55bb180ce6b2	2026-10-01T20:53:04Z	https://github.com/isomorphismes/wegert/pull/66
isomorphismes/wegert	64	Factor movie encoding out of Wegert scene generation	main	movie-writer	0cc3e24815e7a8be5d811818bb22211561b5b0bc	CLOSED_UNMERGED	https://github.com/isomorphismes/wegert/pull/64
isomorphismes/wegert	62	Link Wegert direct DEX lane to canonical Android architecture	main	docs/android-ndk-canonical-backlink	5dd373463c64af9883166234e9923200ba1d4d4e	2026-09-29T01:24:11Z	https://github.com/isomorphismes/wegert/pull/62
isomorphismes/wegert	60	Merge the tested C renderer refactor	main	refactor	d326c1512079fd4440a7289cf95f634e48d0f912	2026-09-25T00:08:28Z	https://github.com/isomorphismes/wegert/pull/60
isomorphismes/wegert	58	Use trefoil Jones polynomial for the Wegert icon	main	jones-trefoil-icon	a6543e1920d1f0d3e74a550a0d05ce93a81b1b05	2026-09-23T23:21:18Z	https://github.com/isomorphismes/wegert/pull/58
isomorphismes/wegert	23	Prepare exact-source Wegert 0.2.0 release	main	release/0.2.0-hardening	c06606cace36a279adb5ea5a63427621138376ac	2026-08-25T21:55:35Z	https://github.com/isomorphismes/wegert/pull/23
isomorphismes/wegert	59	Pin F-Droid buildserver schema-check inputs	main	fdroid/pin-buildserver-schema-tools	98be7b81ffbce60391bf34eb979269a28b70ca4e	2026-09-23T11:31:01Z	https://github.com/isomorphismes/wegert/pull/59
isomorphismes/wegert	7	Add a Google Play app-bundle release pipeline	main	google-play-release	874771cc1f19d81e7676f87fb8180405228d2a78	CLOSED_UNMERGED	https://github.com/isomorphismes/wegert/pull/7
isomorphismes/wegert	50	Remove continuation mode from Wegert	main	remove-continuation-mode	f9a513d1df6a85d26630e783c97e89102121aa63	2026-09-22T22:21:03Z	https://github.com/isomorphismes/wegert/pull/50
isomorphismes/wegert	29	Add staged Edric to GLSL hosted x86_64 probe	main	experiment/edric-glsles-host-mock	ddd5e581292693c08539110f7b3debd0759e618a	CLOSED_UNMERGED	https://github.com/isomorphismes/wegert/pull/29
isomorphismes/wegert	30	Use Triple-T metadata for F-Droid	main	fdroid-triple-t	a9f1d5c60d69906d82513da0e3c6fc74dc2e4ed4	2026-09-22T21:40:25Z	https://github.com/isomorphismes/wegert/pull/30
isomorphismes/wegert	55	Pin Android SDK setup action	main	ci/pin-setup-android-v4	458a638fc44d3e41d8ed32f6071f1b65da72f4e1	2026-09-22T21:35:16Z	https://github.com/isomorphismes/wegert/pull/55
isomorphismes/wegert	31	CI: rebuild Wegert APK with source-built ICK	main	ci/source-built-ick-apk	041c598501492a4f522a89fc57e56edafe6159c6	2026-09-22T21:21:59Z	https://github.com/isomorphismes/wegert/pull/31
isomorphismes/wegert	52	Skip obsolete Android SDK tools package	main	ci/android-sdk-setup	d01d431af0e1ae1f4205031e8100a7e317bd7778	2026-09-22T21:21:30Z	https://github.com/isomorphismes/wegert/pull/52
isomorphismes/wegert	51	Pin Android test signer and require replacement installs	ci/android-sdk-setup	android/pin-test-signing-identity	945f4d29b3dccde717be2711b1ae9a62e9a5f8c7	2026-09-22T19:53:34Z	https://github.com/isomorphismes/wegert/pull/51
isomorphismes/wegert	54	Rebase Triple-T migration onto current release machinery	fdroid-triple-t	main	83cda8bcebc53c3fd2a977bc474a0250f392a707	CLOSED_UNMERGED	https://github.com/isomorphismes/wegert/pull/54
isomorphismes/wegert	53	Feature Android interaction demo	main	docs/android-demo-inline	0261f83d6dbdd7b0c2bc397908f5c757073578fb	2026-09-22T06:50:00Z	https://github.com/isomorphismes/wegert/pull/53
isomorphismes/wegert	49	Publish homepage with GitHub Pages	main	publish-homepage-pages	4ed377d2ec008211f155f50378cacb9de85bb3ba	2026-09-16T14:16:56Z	https://github.com/isomorphismes/wegert/pull/49
isomorphismes/wegert	48	Improve homepage secondary text contrast	main	homepage-secondary-text-contrast	c2a526f110fdfa41c56533b38a94c5543b3553ad	2026-09-15T19:33:41Z	https://github.com/isomorphismes/wegert/pull/48
isomorphismes/wegert	47	Clean up homepage publication layout	main	homepage-cleanup	47a06619df970cf162eeba23fc7b6704fda3dd9c	2026-09-14T21:34:15Z	https://github.com/isomorphismes/wegert/pull/47
isomorphismes/wegert	46	Draft a simple Wegert project homepage	main	homepage-draft	e2cdc765d288001c4d613597a4010957a8267a15	2026-09-14T13:34:02Z	https://github.com/isomorphismes/wegert/pull/46
isomorphismes/wegert	35	Add direct DEX/JNI Android release path	main	feature/direct-dex-jni-release	274c73c18dcdabd58fea7209df7c6d30be16a704	2026-09-12T22:00:33Z	https://github.com/isomorphismes/wegert/pull/35
isomorphismes/wegert	39	Document bundled asset provenance for F-Droid	main	provenance/asset-audit-32	a871da92119ceb1174f68780ecd4ec8ea5f925bf	2026-09-12T20:06:43Z	https://github.com/isomorphismes/wegert/pull/39
isomorphismes/wegert	41	Document Wegert’s rendering ownership boundary	main	docs/explorer-rendering-boundary	8fb8ce3a8eb24c96e9791248eb60016b0d2d87cb	2026-09-12T19:58:45Z	https://github.com/isomorphismes/wegert/pull/41
isomorphismes/wegert	45	Condense Wegert runtime evidence guardrails	main	docs/compact-agent-guardrails	95ccf71b51e24a29d6af46fa3c551111ac231d6d	2026-09-11T01:28:35Z	https://github.com/isomorphismes/wegert/pull/45
isomorphismes/wegert	44	Protect source-facing build layout	main	agents/repeated-failure-guardrails-20260909	763398e5d31c15aaef75cdb29cfb83e5785df9a4	2026-09-09T14:56:21Z	https://github.com/isomorphismes/wegert/pull/44
isomorphismes/wegert	43	Strengthen runtime rendering acceptance	main	render-runtime-acceptance-2026-09-08	881cacd5018185ffb2f890e2b89412e76ae225f0	2026-09-09T03:20:02Z	https://github.com/isomorphismes/wegert/pull/43
isomorphismes/wegert	42	Require real app runtime for video evidence	main	agents/runtime-video-evidence	8854fe700dc959b30bd4957bfa9146e07e15ba21	2026-09-09T02:47:27Z	https://github.com/isomorphismes/wegert/pull/42
isomorphismes/wegert	33	Include canonical GPLv3 license text	main	licensing/include-gplv3-text	213c1dfe860585d9fd1addb93ab13f054e8d6991	2026-09-06T14:06:37Z	https://github.com/isomorphismes/wegert/pull/33
isomorphismes/wegert	38	Restore the original Wegert codomain-phase reference	main	restore-wegert-reference-video	9f91b4a662040962c7da0bcf15a6f160c9ec13da	2026-09-06T05:56:11Z	https://github.com/isomorphismes/wegert/pull/38
isomorphismes/wegert	37	Make Wegert videos visible and downloadable on GitHub	main	fix-github-video-previews	a5e064c449e6d674a300127a648e6b2d32094bd8	2026-09-06T05:32:20Z	https://github.com/isomorphismes/wegert/pull/37
isomorphismes/wegert	36	Organize source and render actual Wegert palette dances	main	organize-code-rendered-images	2cc1818facc03ac7c19c9e7414f163b8c4d9b79f	2026-09-05T23:37:01Z	https://github.com/isomorphismes/wegert/pull/36
isomorphismes/wegert	34	F-Droid: build APK directly without Gradle	main	fdroid/no-gradle	76bf5dff0891c95beecb695d540a8ff30d3ffe57	2026-09-05T23:06:55Z	https://github.com/isomorphismes/wegert/pull/34
isomorphismes/wegert	10	Add zero and pole touch demonstration videos	main	touch-demo-videos	b1c17ce62067069b93c2e1901a3a2f12acaa2818	2026-08-22T18:51:22Z	https://github.com/isomorphismes/wegert/pull/10
isomorphismes/wegert	13	Integrate icon, draggable factors, and ICK arm64 math	main	integrate_ick_drag_icon	cc1ab357702409ec205f541c9c45585fbfa2d8f9	2026-08-22T01:59:48Z	https://github.com/isomorphismes/wegert/pull/13
isomorphismes/wegert	12	Superseded integration attempt	main	ick_complex_arm64	499621481e65714c925d216140e6d27a43ff1cff	CLOSED_UNMERGED	https://github.com/isomorphismes/wegert/pull/12
isomorphismes/wegert	11	[Superseded by #13] Dogfood ICK _Complex for arm64 polynomial expansion	expanded-polynomial-display	ick_complex_arm64	499621481e65714c925d216140e6d27a43ff1cff	CLOSED_UNMERGED	https://github.com/isomorphismes/wegert/pull/11
isomorphismes/wegert	25	Flatten Wegert source and ICK object into repository root	main	flatten-source-layout	8d5e70f7a740b9ebac6d4d6a4e9aa00f674a29c1	2026-08-26T11:15:37Z	https://github.com/isomorphismes/wegert/pull/25
isomorphismes/wegert	21	Extract reusable Wegert coloring core	main	feature/coloring-core	6452974f7fdb63a933c849d068d10f2d87fbefe5	2026-08-24T20:40:05Z	https://github.com/isomorphismes/wegert/pull/21
isomorphismes/wegert	22	Add F-Droid store assets	main	fdroid-store-assets	7f5c7bd6802e25a2e11ad1834e61c5e26bf417ce	2026-08-25T16:51:50Z	https://github.com/isomorphismes/wegert/pull/22
isomorphismes/wegert	20	Add Grease F-Droid publication status checks	main	fdroid-status-grease	e26a6bc3e293db179f2ae67c500f2dee133666c0	2026-08-24T20:40:13Z	https://github.com/isomorphismes/wegert/pull/20
isomorphismes/wegert	24	Verify F-Droid recipe and reproducible builds	main	fdroid-reproducible-ci	7bba35119024b765e7321cc7e3b645382998f296	2026-08-26T01:42:02Z	https://github.com/isomorphismes/wegert/pull/24
isomorphismes/wegert	16	Automate F-Droid release tagging	main	fdroid-release	2198edc6e8d773e4e54627d254285a74b7006ab2	2026-08-22T17:09:17Z	https://github.com/isomorphismes/wegert/pull/16
isomorphismes/wegert	3	[Superseded by #13] Show expanded polynomial in native Wegert view	main	expanded-polynomial-display	11c71041ad8b779b3f0a19beb3e327351a0be09e	CLOSED_UNMERGED	https://github.com/isomorphismes/wegert/pull/3
isomorphismes/wegert	6	[Superseded by #13] Drag existing zeros and poles	expanded-polynomial-display	drag_existing_factors	f8104344da2efd57a4ea0b59c4f420a86e534ecc	CLOSED_UNMERGED	https://github.com/isomorphismes/wegert/pull/6
isomorphismes/wegert	14	Use ÷ and keep denominator factors separate	main	divide-sign-factored-denominators	f3b418d6b807a60ad7580dca27d326957a25b666	2026-08-22T02:30:52Z	https://github.com/isomorphismes/wegert/pull/14
isomorphismes/wegert	8	Publish tested APKs as GitHub prereleases	main	apk-release	891e2dda4cbcee5c1837fdc5414656355ce28626	2026-08-22T00:49:47Z	https://github.com/isomorphismes/wegert/pull/8
isomorphismes/wegert	9	Add a phase-portrait Android launcher icon	main	android_launcher_icon	a9a28fd0ea5277406ba7d5c4807eec29d28dbb1a	2026-08-22T00:50:04Z	https://github.com/isomorphismes/wegert/pull/9
isomorphismes/wegert	5	Add continuation view to native Wegert renderer	main	analytic-continuation-view	78d4c4a73081366ccb3c7489edd222796e870c74	2026-08-24T23:56:03Z	https://github.com/isomorphismes/wegert/pull/5
isomorphismes/wegert	2	Initial native Android Wegert renderer	main	agent/initial-native-android	5ecfdff18ce5363f5f0a735fc0c7d4433086c799	2026-08-22T00:49:28Z	https://github.com/isomorphismes/wegert/pull/2
isomorphismes/wegert	17	Temporary PR #10 video inspection artifact	touch-demo-videos	tmp/inspect-pr10-videos-20260822	7efba5bfbb958f36cebb01f52213807fbff00976	CLOSED_UNMERGED	https://github.com/isomorphismes/wegert/pull/17
isomorphismes/wegert	15	Add F-Droid release build chain	main	fdroid-release	c73a9e03ea45d1bf97974bc3547d98fa97ed0063	2026-08-22T17:06:15Z	https://github.com/isomorphismes/wegert/pull/15
isomorphismes/wegert	1	Add touch-driven Wegert tablet prototype	main	tablet-touch-game	27626ff3c385af244920d9b634d35cd2bfeba61e	CLOSED_UNMERGED	https://github.com/isomorphismes/wegert/pull/1
isomorphismes/holomorphic	49	Experiment with GPU Cauchy-field deformation	main	cauchy-field	13075712341b8006024bcad8a08710c5e1bec846	CLOSED_UNMERGED	https://github.com/isomorphismes/holomorphic/pull/49
isomorphismes/holomorphic	57	Add deterministic divisor oracle for #54	main	fix/issue-54-deterministic-divisor-oracle	66d4b6a7a51382349cbe1e8c520b69617154434b	CLOSED_UNMERGED	https://github.com/isomorphismes/holomorphic/pull/57
isomorphismes/holomorphic	45	Consume the shared complex arithmetic field contract	main	integration/complex-projective-semantics	e672db28f99cae752a66f76f3daf764177672f9a	CLOSED_UNMERGED	https://github.com/isomorphismes/holomorphic/pull/45
isomorphismes/holomorphic	61	Use Horner evaluation for per-pixel holomorphic polynomial	main	perf/horner-polynomial-evaluator	d506bfe70ff362aa9cb0091f96ba1a900ef27676	CLOSED_UNMERGED	https://github.com/isomorphismes/holomorphic/pull/61
isomorphismes/holomorphic	59	Use the central Android signer registry	main	ci/central-android-signing	3c275703397d4d0a903daf8f3fe981b99aefdd4f	2026-10-01T22:23:24Z	https://github.com/isomorphismes/holomorphic/pull/59
isomorphismes/holomorphic	17	Temporary CI bridge for Group Explorer PR 1 APK	main	ci/group-explorer-pr1-apk	136dd082ced2c480202547f6616a427d2ab2466f	CLOSED_UNMERGED	https://github.com/isomorphismes/holomorphic/pull/17
isomorphismes/holomorphic	58	Require Holomorphic replacement-install acceptance	main	android/verify-replacement-install	f7be15980203c854e4463487db997e8734439a70	2026-09-22T19:53:30Z	https://github.com/isomorphismes/holomorphic/pull/58
isomorphismes/holomorphic	43	Clarify and test the whole-plane holomorphic contract	main	audit/whole-plane-mathematical-contract	196b567c3de420dca52ed6164802d26aec0e9924	2026-09-17T14:18:51Z	https://github.com/isomorphismes/holomorphic/pull/43
isomorphismes/holomorphic	52	Protect source-facing build layout	main	agents/repeated-failure-guardrails-20260909	11e54f6014eb77df237ebc56fd60bba27d74a357	2026-09-09T14:56:52Z	https://github.com/isomorphismes/holomorphic/pull/52
isomorphismes/holomorphic	46	Experiment with a larger holomorphic coefficient budget	main	experiment/coefficient-budget-6	84ce9e286ac12d5d957ad4c8445355602e1142a9	2026-09-09T12:42:41Z	https://github.com/isomorphismes/holomorphic/pull/46
isomorphismes/holomorphic	48	Make smooth orbital pole motion the canonical explorer experience	main	experiment/wandering-offscreen-poles	d333aab691f9e02a251feb6e48109d0adfb7d2ba	2026-09-09T12:42:39Z	https://github.com/isomorphismes/holomorphic/pull/48
isomorphismes/holomorphic	51	Discard accidental probe PR	main	properly-typed	1ea362094ae7171a5169f66acf04b7280d2dbd8e	CLOSED_UNMERGED	https://github.com/isomorphismes/holomorphic/pull/51
isomorphismes/holomorphic	50	Strengthen runtime rendering acceptance	main	render-runtime-acceptance-2026-09-08	4c1252a8f05ed8f2411def05f2d9b1c5bace5f7e	2026-09-09T03:20:07Z	https://github.com/isomorphismes/holomorphic/pull/50
isomorphismes/holomorphic	47	Require real app runtime for video evidence	main	agents/runtime-video-evidence	f044dd910dc6d4341cc2960194ebaa664a9cfeeb	2026-09-09T02:47:33Z	https://github.com/isomorphismes/holomorphic/pull/47
isomorphismes/holomorphic	44	Make the holomorphic perturbation visibly move	main	visual/visible-holomorphic-soup	096237e39655b973a9da4f7fad0a31b01ce93021	2026-09-09T01:44:10Z	https://github.com/isomorphismes/holomorphic/pull/44
isomorphismes/holomorphic	41	Harden post-split release acceptance	main	audit/split-verification	27e061715c51a064a22d801712a4b3ad625579c1	2026-09-08T16:28:21Z	https://github.com/isomorphismes/holomorphic/pull/41
isomorphismes/holomorphic	42	Write the holomorphic mathematical contract	main	docs/holomorphic-mathematical-contract	2d7faa4173da75e69bce2388585d2a6256bf4eb5	2026-09-08T16:16:48Z	https://github.com/isomorphismes/holomorphic/pull/42
isomorphismes/holomorphic	34	[Historical; do not merge] Prototype GPU-wide holomorphic flowing mode	main	experiment/issue-33-gpu-holomorphic-flow	05fad6a2531a4e0a05a22f7ea89d46e17bafcda8	CLOSED_UNMERGED	https://github.com/isomorphismes/holomorphic/pull/34
isomorphismes/holomorphic	39	Remove live lasso machinery after Lacunary split	main	cleanup/remove-live-lasso	f656a509c763b69a854a9d408b65189a4e765c5d	2026-09-08T14:45:42Z	https://github.com/isomorphismes/holomorphic/pull/39
isomorphismes/holomorphic	38	Split Lacunary experiments from random holomorphic explorer	main	cleanup/lacunary-split	4a1d1fcd40cda481e3186ea6baf1027fec663923	2026-09-08T14:15:14Z	https://github.com/isomorphismes/holomorphic/pull/38
isomorphismes/holomorphic	36	Reduce repository to holomorphic random explorer	main	cleanup/holomorphic-random-boundary	699eebdf7f81591f9bca2b8b40da66c8f1550666	2026-08-29T06:07:18Z	https://github.com/isomorphismes/holomorphic/pull/36
isomorphismes/holomorphic	30	Polish Android 0.2.2 release	main	release/0.2.2-polish	b93f75af522f050a24dadcb79d593132adf5f3ce	CLOSED_UNMERGED	https://github.com/isomorphismes/holomorphic/pull/30
isomorphismes/holomorphic	5	Add Ithon zero and infinity touch placement	zero-pole-continuation-view	ithon_zero_infinity_touch	f435fdcf9d70946eb6f841455cba0825ee48e782	CLOSED_UNMERGED	https://github.com/isomorphismes/holomorphic/pull/5
isomorphismes/holomorphic	9	Prototype underdetermined vibrating completions	main	underdetermined-vibrating-domain	df135ea0a8e03567fb037e7fd203d80717091b75	CLOSED_UNMERGED	https://github.com/isomorphismes/holomorphic/pull/9
isomorphismes/holomorphic	11	Prototype local holomorphic perturbation engine	main	local-holomorphic-perturbations	52703c06d782cbfebb0b7f01d4ad0f949700233a	CLOSED_UNMERGED	https://github.com/isomorphismes/holomorphic/pull/11
isomorphismes/holomorphic	31	Remove Manim rendering path	main	remove-manim-renderer	c5a7f2891915c151ba768d6b49e323ab80531610	2026-08-26T04:15:17Z	https://github.com/isomorphismes/holomorphic/pull/31
isomorphismes/holomorphic	29	Guard canonical Wegert color parity	main	test/wegert-color-parity	7fca9a542cf838e0b8e596224be812bf8241522c	2026-08-25T19:57:44Z	https://github.com/isomorphismes/holomorphic/pull/29
isomorphismes/holomorphic	3	Design rigidity and famous-function recognition	main	rigidity_function_recognition	1218d50e4874f4cd3ced56667a160bc017f719eb	2026-08-24T20:52:02Z	https://github.com/isomorphismes/holomorphic/pull/3
isomorphismes/holomorphic	22	Random holomorphic deformation with three workers	main	random-holomorphic-deformation	50478c4cc658592bcd1b1fa9623baff94bf73f75	2026-08-24T20:44:56Z	https://github.com/isomorphismes/holomorphic/pull/22
isomorphismes/holomorphic	12	Add F-Droid release build chain	main	fdroid-release	fe4333e1675e895fc1a4a802a925f9b56dc40121	2026-08-24T20:39:41Z	https://github.com/isomorphismes/holomorphic/pull/12
isomorphismes/holomorphic	10	Prototype Blaschke lasso phase walk	main	lasso	121d6398991f29b77159b3566c0fccb278191b74	CLOSED_UNMERGED	https://github.com/isomorphismes/holomorphic/pull/10
isomorphismes/holomorphic	21	Integrate lasso UI on current main	main	lasso-mainline	0139b009e5fe226391cdec800356de7cf9d1a33f	2026-08-22T13:42:00Z	https://github.com/isomorphismes/holomorphic/pull/21
isomorphismes/holomorphic	20	Add Lasso APK merge gate	main	main-lasso-apk-gate	0fb87370c6ab93d87e48ecb0bf02d56da5e39593	2026-08-22T13:30:52Z	https://github.com/isomorphismes/holomorphic/pull/20
isomorphismes/holomorphic	19	Rerun Group Explorer APK after asset fix	ci/group-explorer-apk-runner	ci/group-explorer-pr1-apk	136dd082ced2c480202547f6616a427d2ab2466f	2026-08-22T13:22:16Z	https://github.com/isomorphismes/holomorphic/pull/19
isomorphismes/holomorphic	18	Run Group Explorer APK build on disposable branch	ci/group-explorer-apk-runner	ci/group-explorer-pr1-apk	0a04c40ba069bdc67b33d3f9f27a3e67332fd7ad	2026-08-22T13:20:45Z	https://github.com/isomorphismes/holomorphic/pull/18
isomorphismes/holomorphic	16	Trigger color-corrected Lasso Dev v0.1.1 release	main	trigger-lasso-dev-v0.1.1-release	c3fd747831c3ccfde953e1843cfa7e85d9ed8ce5	CLOSED_UNMERGED	https://github.com/isomorphismes/holomorphic/pull/16
isomorphismes/holomorphic	15	Trigger Lasso Dev v0.1.0 release	main	trigger-lasso-dev-v0.1.0-release	b9a51e5b2657cfc203bf2b556e400cafc8700ece	CLOSED_UNMERGED	https://github.com/isomorphismes/holomorphic/pull/15
isomorphismes/holomorphic	14	Publish Lasso Dev APK from default branch	main	lasso-public-release-publisher	a988619678256caf1f3323c1c294048ba815b8e2	2026-08-22T12:16:47Z	https://github.com/isomorphismes/holomorphic/pull/14
isomorphismes/holomorphic	13	CI probe for lasso pinch zoom	lasso	lasso-pinch-ci	4db1a6d38208cb2783ac0169d0b9f5a4c5725193	CLOSED_UNMERGED	https://github.com/isomorphismes/holomorphic/pull/13
isomorphismes/holomorphic	8	Publish tested native explorer APK	main	native_explorer_apk_release	db36e2d5fa936019a3239de4fcb190b4b324611e	2026-08-22T11:18:58Z	https://github.com/isomorphismes/holomorphic/pull/8
isomorphismes/holomorphic	6	Publish installable Android test APKs	google-play-release	apk-release	55365599a57367d22302f3e38f3698cd66171188	2026-08-22T11:15:32Z	https://github.com/isomorphismes/holomorphic/pull/6
isomorphismes/holomorphic	7	Add native rational convergence-disc explorer	main	native_convergence_explorer	7e2068ef02bd572b6a1fb012bd404a880a7de453	2026-08-22T01:10:08Z	https://github.com/isomorphismes/holomorphic/pull/7
isomorphismes/holomorphic	4	Add an Android movie viewer and Play pipeline	main	google-play-release	8e4c4c2b268c4bc4caa5f7499bd3d5e5d9a10146	2026-08-22T00:45:47Z	https://github.com/isomorphismes/holomorphic/pull/4
isomorphismes/holomorphic	2	Add rational zero-pole model and disc reveal	main	zero-pole-continuation-view	9b703be8fe8df07a8461d654bceb245e18dfce94	2026-08-22T00:45:27Z	https://github.com/isomorphismes/holomorphic/pull/2
isomorphismes/holomorphic	1	Add complex-function open/close movie generator	main	agent/manim-function-movies	316c6db70c3b27ac8eb77a7cfa85bc5af1e59d88	2026-08-22T00:45:04Z	https://github.com/isomorphismes/holomorphic/pull/1
isomorphismes/non-poly	1	Catalog Wegert calendar functions with sources	main	agent/wegert-calendar-functions	4bf301ee6ec1a518ca186b37092027a8471f9fe0	2026-08-22T00:46:35Z	https://github.com/isomorphismes/non-poly/pull/1
isomorphismes/manimi	5	Unify checked execution and render receipts	master	convergence/real-ithon-loader	1ac12b780b697ad7e7f88454128e495b62981a84	2026-08-30T03:36:42Z	https://github.com/isomorphismes/manimi/pull/5
isomorphismes/manimi	4	Add static elliptic secant scene	master	elliptic	5676a6c4b98253cf7de6f3127b396c8964746dc3	2026-08-30T03:19:34Z	https://github.com/isomorphismes/manimi/pull/4
isomorphismes/manimi	1	Start the checked Ithon rewrite	master	rewrite/ithon	b62e30a3c36cd40313082d75adda22b07cc54c7e	2026-08-24T21:25:33Z	https://github.com/isomorphismes/manimi/pull/1
isomorphismes/manimi	3	Render one checked Ithon frame	rewrite/ithon	fix/ithon-host-render	f28831c561b5188d105c3bd5da2ce0cf0cb51e4f	2026-08-24T21:16:07Z	https://github.com/isomorphismes/manimi/pull/3
isomorphismes/manimi	2	Port image utilities to checked Ithon	rewrite/ithon	rewrite/ithon-images	726014af6518e2a160ef37950bae53b7561b6d25	2026-08-24T20:56:24Z	https://github.com/isomorphismes/manimi/pull/2
isomorphismes/coefficient-root-dance	6	Test the single-loop root transposition	main	issue-5-root-loop	4cb4a1f0af2b72c63a52c37dfaad11157d0b734a	2026-09-12T20:05:23Z	https://github.com/isomorphismes/coefficient-root-dance/pull/6
isomorphismes/coefficient-root-dance	4	Add F-Droid release build chain	main	fdroid-release	3d1435a62e33c111305cdcdeffe4525205416bb8	2026-08-24T20:58:47Z	https://github.com/isomorphismes/coefficient-root-dance/pull/4
isomorphismes/coefficient-root-dance	1	Seed native coefficient/root touch prototype	main	native-touch-prototype	dd8a5d9a8cc74fcd3d3e45b10f40ae2c2aaf723a	2026-08-24T20:49:44Z	https://github.com/isomorphismes/coefficient-root-dance/pull/1
isomorphismes/coefficient-root-dance	3	Show repeated roots as concentric circles	native-touch-prototype	repeated-root-circles	59b4c1e7be214a51e1060464036e54cf2ae42b91	2026-08-22T02:01:31Z	https://github.com/isomorphismes/coefficient-root-dance/pull/3
isomorphismes/coefficient-root-dance	2	Unblock the emulator smoke test	native-touch-prototype	fix-emulator-launch	a26fe62b582d3c7486cf98f524c40a949c34bb73	2026-08-22T01:58:10Z	https://github.com/isomorphismes/coefficient-root-dance/pull/2
isomorphismes/Cayley	9	Reconcile the current Cayley Android direction	cayley	android/reconcile-mobile-direction	8f08597efacf66eb0a0447d867373026e3de2b63	2026-09-23T19:04:05Z	https://github.com/isomorphismes/Cayley/pull/9
isomorphismes/Cayley	4	Prototype ƒ⁻¹ mobile escape hatch	mobile	mobile-escape-hatch	178ff7cb2116641925f6604d7027c0835c3a5579	CLOSED_UNMERGED	https://github.com/isomorphismes/Cayley/pull/4
isomorphismes/Cayley	1	Make Group Explorer usable on phones	cayley	mobile	49069b2f46d082ef897d37dd8df0c905f514450c	CLOSED_UNMERGED	https://github.com/isomorphismes/Cayley/pull/1
isomorphismes/Cayley	3	Build PR 1 as an Android APK	mobile	mobile-apk	48db492b58751fbd93ec334e45864ff3532101fc	CLOSED_UNMERGED	https://github.com/isomorphismes/Cayley/pull/3
isomorphismes/Cayley	8	Start mobile app with one random group's visuals	cayley	mobile-random-group-first-paint	6113903d00d8267769b13333873382afea56a729	2026-08-24T20:54:50Z	https://github.com/isomorphismes/Cayley/pull/8
isomorphismes/Cayley	7	Add F-Droid release path for Group Explorer	cayley	fdroid-release	a79dcbbe7a785c8040a910bfda9e222e65c23d55	2026-08-24T20:50:41Z	https://github.com/isomorphismes/Cayley/pull/7
isomorphismes/Cayley	5	Package PR 2 symmetry patterns as Android APK	cayley	scriptable-symmetry-patterns-apk	bcf447929e433fa4968f7cb28d842e7dd65c937c	2026-08-24T20:50:21Z	https://github.com/isomorphismes/Cayley/pull/5
isomorphismes/Cayley	2	Add scriptable symmetry pattern language	cayley	scriptable-symmetry-patterns	778330fdbdfeb595bf1fdd021517a1f5298df243	2026-08-24T20:49:55Z	https://github.com/isomorphismes/Cayley/pull/2
isomorphismes/Cayley	6	Collect attributed mathematical inspiration	cayley	inspiration-pdfs	39b52162a2ace21f49549a2fd4ca1564d8cfaf46	2026-08-24T20:49:52Z	https://github.com/isomorphismes/Cayley/pull/6
isomorphismes/Conway	8	Use the central Android signer registry	main	ci/central-android-signing	894abe990dce58d876d7db8f09626f3c66d51448	2026-10-01T22:26:41Z	https://github.com/isomorphismes/Conway/pull/8
isomorphismes/Conway	7	Preserve stable Android wallpaper signing identity	main	android/stable-test-signing	8732a61013a9b8f03845abd34c9d83ba7cefb5ed	2026-09-22T19:53:43Z	https://github.com/isomorphismes/Conway/pull/7
isomorphismes/Conway	6	Add The Sensual (Quadratic) Form chapter guide	main	sensual-quadratic-form	98686d1cdfbdf27e551a5227d0031b49e5536f66	2026-09-12T20:03:16Z	https://github.com/isomorphismes/Conway/pull/6
isomorphismes/Conway	5	Reorganize Conway and make pattern examples runnable	main	codex/reorganize-and-runner	fe3a9f20ad913d06f9e52c5235813f419981d423	2026-08-29T06:16:10Z	https://github.com/isomorphismes/Conway/pull/5
isomorphismes/Conway	3	Add F-Droid release build chain	main	fdroid-release	c08e933e59236ab474ea9c88123186a5ed5196dd	2026-08-24T20:47:31Z	https://github.com/isomorphismes/Conway/pull/3
isomorphismes/Conway	2	Add one-finger infinite wallpaper Android prototype	main	android-infinite-wallpaper	65b7ba61b83ae92c21e334f5ef30412f097c7537	2026-08-24T20:46:09Z	https://github.com/isomorphismes/Conway/pull/2
isomorphismes/Conway	1	Add chapter-by-chapter guide to The Symmetries of Things	main	references/symmetries-of-things-summary	2ddc480cfc15d3f3f1577157a68f089c349ff6eb	2026-08-24T20:39:47Z	https://github.com/isomorphismes/Conway/pull/1
isomorphismes/L	3	Add F-Droid release build chain	main	fdroid-release	fa3b5beab4b2c31b44fc9a3845b59d359d51f883	2026-08-24T20:48:13Z	https://github.com/isomorphismes/L/pull/3
isomorphismes/L	2	Add native Android Wegert APK prototype	main	android-edric-wegert	8423b1ca791eb4e299606cac6be07679c5a1d95b	2026-08-24T20:47:33Z	https://github.com/isomorphismes/L/pull/2
isomorphismes/L	1	LMFDB Wegert interaction stub	main	lmfdb-wegert-stub	c4038f507527624ca17ba07e8d2a0f2a6502e266	2026-08-24T20:46:06Z	https://github.com/isomorphismes/L/pull/1
isomorphismes/soap	2	Qualify current-Idriç surface player and consolidated release chain	main	edric-surface-player	510f75e064f4aaac3624877d9ccbe8b1d78de16d	CLOSED_UNMERGED	https://github.com/isomorphismes/soap/pull/2
isomorphismes/soap	4	Add F-Droid release build chain	edric-surface-player	fdroid-release	db0eb0cbeebc6fd95af6fb4885d4e096fb8aba77	2026-10-05T12:22:08Z	https://github.com/isomorphismes/soap/pull/4
isomorphismes/soap	5	Run SOAP surface shaders in F16 mode	fdroid-release	f16-rendering	3ca51f292ce8bc251b9afe8559471cfb4d90eae5	CLOSED_UNMERGED	https://github.com/isomorphismes/soap/pull/5
isomorphismes/soap	1	Vendor Surface Evolver 2.70 reference	main	import-ken-brakke-surface-evolver	6137fc98d3bbc36c4aef1fea23f9b8b5832c7005	2026-08-24T20:39:43Z	https://github.com/isomorphismes/soap/pull/1
isomorphismes/hopf_fibration	4	Add F-Droid release build chain	master	fdroid-release	3aa62eaf648aaed6fc2e7113973113f6a615b0a8	2026-08-24T20:48:41Z	https://github.com/isomorphismes/hopf_fibration/pull/4
isomorphismes/hopf_fibration	3	Move Hopf mathematical core to Idriç	master	idric-hopf-math	50dc008a1c89ad4e1a89f1229aa8efcb35f21cf3	2026-08-24T20:48:09Z	https://github.com/isomorphismes/hopf_fibration/pull/3
isomorphismes/hopf_fibration	2	Add first NativeActivity GLES3 Hopf explorer	master	android-native-hopf	e1b70283c9497c9abb00352d6dc5949f769614b6	2026-08-24T20:47:26Z	https://github.com/isomorphismes/hopf_fibration/pull/2
isomorphismes/hopf_fibration	1	Add Walczyk Hopf explorer reference	master	add-walczyk-reference	2d06b730aab7e8434c27512fc3028758695e1a7a	2026-08-24T20:46:14Z	https://github.com/isomorphismes/hopf_fibration/pull/1
isomorphismes/ortho	2	Add F-Droid release build chain	main	fdroid-release	35c901b51a25326078503c096c83ca191263a6ea	2026-08-24T20:47:29Z	https://github.com/isomorphismes/ortho/pull/2
isomorphismes/ortho	1	Render draggable orthant with native Android backend	main	orthant-native-v0	f83b54c668ab2dcc4fde2f87feada2ea27da6d54	2026-08-24T20:46:11Z	https://github.com/isomorphismes/ortho/pull/1
isomorphismes/theta	2	Bake off six phone theta renderers behind Edriç	main	renderer-bakeoff	946ab4e13690c65cf812844144345f61a803978a	2026-08-24T21:37:39Z	https://github.com/isomorphismes/theta/pull/2
isomorphismes/theta	1	Research Borcherds and Mumford theta sources	main	research/borcherds-mumford	be0a8b09f834179af3eb5b4a7a3fd40d951336f6	2026-08-24T20:39:57Z	https://github.com/isomorphismes/theta/pull/1
isomorphismes/yt-shorts	28	Render Gromov essential-directions Short with Manimi	gromov-curvature-diameter-betti-notes	gromov-essential-directions-short	bd31dbf1461b60863776727fae2039cf11b235b3	CLOSED_UNMERGED	https://github.com/isomorphismes/yt-shorts/pull/28
isomorphismes/yt-shorts	27	Add Gromov curvature diameter and Betti notes	main	gromov-curvature-diameter-betti-notes	61fcdf9d650d503fa3410d079a102b4f3871fcd4	CLOSED_UNMERGED	https://github.com/isomorphismes/yt-shorts/pull/27
isomorphismes/yt-shorts	26	Expand Gromov curvature paper companion	main	research/gromov-curvature-companion	11989fb34bcdbce700ac0d01dae5781429b701d7	CLOSED_UNMERGED	https://github.com/isomorphismes/yt-shorts/pull/26
isomorphismes/yt-shorts	13	Render Pearcey integral by growing T with Wegert	main	pearcey-wegert-t-build	c1c1066231a08d063084a745d59db6031a6af337	CLOSED_UNMERGED	https://github.com/isomorphismes/yt-shorts/pull/13
isomorphismes/yt-shorts	24	Render theta Mellin scaling Short	main	theta-mellin-short	2664752f5c005edfc792204e066aaba63bba5dfc	2026-09-23T07:35:14Z	https://github.com/isomorphismes/yt-shorts/pull/24
isomorphismes/yt-shorts	25	Apply ai-ci kernel to YouTube smoke	main	aici-first-yt-consumer	7c6301f93f497b714de9ea3e0f50a4a8869557dc	2026-09-23T07:22:41Z	https://github.com/isomorphismes/yt-shorts/pull/25
isomorphismes/yt-shorts	21	Add Oliver Byrne sources and first III.31 Ithon/Manim Short	main	sources/oliver-byrne	b9cafbdb462fde7551dec2625c19b2693d9c1393	2026-09-23T07:22:34Z	https://github.com/isomorphismes/yt-shorts/pull/21
isomorphismes/yt-shorts	20	Redo theta Short notes from lecture source	main	theta-notes	0694fe75aac4df379d77bc1282e2bf1fd061123e	2026-09-23T07:22:26Z	https://github.com/isomorphismes/yt-shorts/pull/20
isomorphismes/yt-shorts	2	Render Teleman k-loop with Wegert	main	teleman-wegert-k-loop	12c207c784e397c0c005a5a099a8c5ccb6103d3e	2026-09-23T07:22:19Z	https://github.com/isomorphismes/yt-shorts/pull/2
isomorphismes/yt-shorts	1	Prototype Teleman cyclic-group short	main	teleman-roots-of-unity-short	d098048ec689a32d56f3fe76747918e914f258b0	2026-09-23T07:22:09Z	https://github.com/isomorphismes/yt-shorts/pull/1
isomorphismes/yt-shorts	30	Require provenance for application footage	main	agents/repeated-failure-guardrails-20260909	91d93af8ab726e3e39a8762e0196bafd982d2388	2026-09-09T14:57:09Z	https://github.com/isomorphismes/yt-shorts/pull/30
isomorphismes/yt-shorts	11	Add Grease YouTube upload and branding automation	main	youtube-upload-ci-tested	cb5ca0333403641e98c8362a53449b3c04d5b39b	CLOSED_UNMERGED	https://github.com/isomorphismes/yt-shorts/pull/11
isomorphismes/yt-shorts	29	Render fixed-55-mph car projection Short with Manimi	main	car_projection_manimi_short	dea629e4a314bc105d8c5805aa8d974b9152d606	2026-08-26T01:24:11Z	https://github.com/isomorphismes/yt-shorts/pull/29
isomorphismes/yt-shorts	23	Add trigonometry applied visual and source notes	main	trigonometry-notes	ca13fd1216fd9f780a281ede75a528b16fca1802	2026-08-25T14:35:21Z	https://github.com/isomorphismes/yt-shorts/pull/23
isomorphismes/yt-shorts	22	Add AMS Notices “What Is…?” source folder	main	ams-what-is-articles	f73e306eb38a90278fcc53ba4baaf57d767f2e72	2026-08-24T20:40:24Z	https://github.com/isomorphismes/yt-shorts/pull/22
isomorphismes/yt-shorts	16	Add Matthias Weber minimal surfaces visual notes	main	minimal-surfaces-matthias-weber	3ce595730586b980c79ffeb95be00017e979a6e9	2026-08-24T20:40:21Z	https://github.com/isomorphismes/yt-shorts/pull/16
isomorphismes/yt-shorts	15	Add Andrew Ranicki posted-PDF source notes	main	andrew-ranicki-pdf-notes	d70c043131ec81d7dcdae8d0809fc1b684f54316	2026-08-24T20:40:17Z	https://github.com/isomorphismes/yt-shorts/pull/15
isomorphismes/yt-shorts	14	Catalog Complex Beauties 2011-2022 lesson seeds	main	wegert-calendar-2011-2022	3872d25c37576494b43de1bbed064828f427f15d	2026-08-24T20:40:10Z	https://github.com/isomorphismes/yt-shorts/pull/14
isomorphismes/yt-shorts	19	Expand Berger's two Riemannian survey sources	main	berger-riemannian-surveys	a4ca7a3eb129af8768a3bbd2d4c37212f65dd9e6	2026-08-24T15:56:17Z	https://github.com/isomorphismes/yt-shorts/pull/19
isomorphismes/yt-shorts	18	Add Marcel Berger and Mikhail Gromov source catalogs	main	sources/berger-gromov	1075e114ddca6b0112da937cb1993a56b7addf95	2026-08-24T14:58:28Z	https://github.com/isomorphismes/yt-shorts/pull/18
isomorphismes/yt-shorts	17	Add Miles Reid source and idea catalog	main	miles-reid-source-notes	154ce7e6c68838274b736db89505f041927019fa	2026-08-24T14:57:13Z	https://github.com/isomorphismes/yt-shorts/pull/17
isomorphismes/yt-shorts	12	Start Wegert calendar lesson catalog	main	wegert-calendar-lessons	84694cf5dd6dd99d1f137f0e0b65c318fb119fb8	2026-08-24T12:36:49Z	https://github.com/isomorphismes/yt-shorts/pull/12
isomorphismes/yt-shorts	10	Add Grease YouTube upload CI	main	youtube-upload-ci-final	fa5a9bb1078205e66b18ba562c1e0120da3eb0e1	CLOSED_UNMERGED	https://github.com/isomorphismes/yt-shorts/pull/10
isomorphismes/yt-shorts	9	Add Grease YouTube upload CI	main	youtube-upload-ci-verified	998a828e78bb75c002af95d325c6c5eb268e63de	CLOSED_UNMERGED	https://github.com/isomorphismes/yt-shorts/pull/9
isomorphismes/yt-shorts	8	Add Grease YouTube upload CI	main	youtube-upload-ci	998a828e78bb75c002af95d325c6c5eb268e63de	CLOSED_UNMERGED	https://github.com/isomorphismes/yt-shorts/pull/8
isomorphismes/yt-shorts	7	Add Grease YouTube upload CI	main	youtube-upload-ci	3ec30f42bab75c3c235f52f51e03d6d93763e2a9	CLOSED_UNMERGED	https://github.com/isomorphismes/yt-shorts/pull/7
isomorphismes/indras-pearls	14	Connect original Kleinian trace controls to rendered diagram changes	main	fix/original-kleinian-touch	aabf2f9e875650e31544cb48777782da6f4de912	2026-10-04T04:48:24Z	https://github.com/isomorphismes/indras-pearls/pull/14
isomorphismes/indras-pearls	13	Restore the original Kleinian circle-queue renderer	main	fix/original-kleinian-port	32e7004b92c10b2ffa417e6e8412d60f6997a43e	2026-10-02T17:46:11Z	https://github.com/isomorphismes/indras-pearls/pull/13
isomorphismes/indras-pearls	10	Integrate all three complex controls with the Schottky renderer	main	fix/live-schottky-three-complex-controls	1a45016dbcfd96d9d117de445e37333aaac50e06	CLOSED_UNMERGED	https://github.com/isomorphismes/indras-pearls/pull/10
isomorphismes/indras-pearls	9	Make the Schottky radius control change the rendered group	main	fix/live-schottky-radius-control	1925362fe96a3bb5acd0bd11e8aa9c21ab79a23f	CLOSED_UNMERGED	https://github.com/isomorphismes/indras-pearls/pull/9
isomorphismes/indras-pearls	8	Cull and vectorize Schottky GPU rendering	main	ick-c-renderer-packet	1dc41dd85d6390293ddbcd1e54d8b4c4a3e31622	CLOSED_UNMERGED	https://github.com/isomorphismes/indras-pearls/pull/8
isomorphismes/indras-pearls	6	Build MIRO A1-only stripped Thumb APK	main	miro-a1-thumb-stripped-apk	e00d36b88a7ace0b70273059f7990922874b88e2	CLOSED_UNMERGED	https://github.com/isomorphismes/indras-pearls/pull/6
isomorphismes/indras-pearls	11	Use stable test signing identity for all Android APKs	main	fix/stable-test-signing	ee7a71a0a5b8530c52337c328d02f45784677e33	2026-10-02T17:08:52Z	https://github.com/isomorphismes/indras-pearls/pull/11
isomorphismes/indras-pearls	7	Link ICK-compiled Schottky C into the real ARMv7 APK	main	ick/production-armv7-apk	7b6d5630cc6093b7dd59dfe2f156659286bd2251	2026-10-02T03:51:07Z	https://github.com/isomorphismes/indras-pearls/pull/7
isomorphismes/indras-pearls	5	Route Schottky renderer through validated ICK-friendly C packet	main	ick-c-renderer-packet	a08df886fde4b5174a329a346e9787c3401a8541	2026-10-02T03:08:50Z	https://github.com/isomorphismes/indras-pearls/pull/5
isomorphismes/indras-pearls	4	Add pure C Möbius mathematics core	main	codex/pure-c-math-core	3aede78ae5e47a00fd3b70f9c412eb61986fed32	2026-10-01T22:26:34Z	https://github.com/isomorphismes/indras-pearls/pull/4
isomorphismes/indras-pearls	3	Experiment with three complex disk controls	main	experiment/three-complex-discs	0f376740fedd73e6076a41933ee5f5c87289f9ef	2026-09-15T19:17:40Z	https://github.com/isomorphismes/indras-pearls/pull/3
isomorphismes/indras-pearls	1	Credit philogb and add native limit-set renderer	main	philogb-notes-ndk-touch	1cf111ddbb95f10d054bb3622ae7b31fda582210	2026-09-14T12:49:04Z	https://github.com/isomorphismes/indras-pearls/pull/1
isomorphismes/indras-pearls	2	Document Coxeter hyperbolic-render handoff	philogb-notes-ndk-touch	integration/coxeter-word-handoff	d973ac26f4a7e45230df5340a0c573bc6d45ac33	2026-09-12T20:59:24Z	https://github.com/isomorphismes/indras-pearls/pull/2
isomorphismes/coxeter	3	Record certified finite-action boundary for Krohn-Rhodes	main	integration/word-context-prompts	94e7f81af740f7eb652cbed4e4f7269ef3369dfb	2026-10-05T12:14:39Z	https://github.com/isomorphismes/coxeter/pull/3
isomorphismes/coxeter	2	Build reflection/Dynkin research corpus and compiler sketch	main	research/reflections-dynkin	a09ee461be396c25c635175fb5df33881d687788	2026-09-24T21:07:47Z	https://github.com/isomorphismes/coxeter/pull/2
isomorphismes/lacunary	6	Preserve the historical unit-disc Bergman construction	main	docs/disc-bergman-provenance	337da1ec4d14002dd267d5c040242e1d405a3afc	2026-09-12T20:03:58Z	https://github.com/isomorphismes/lacunary/pull/6
isomorphismes/lacunary	9	Propagate recurring agent failure guardrails	main	agents/repeated-failure-guardrails-20260909	d917574fc27759663089f4948e52182e5363d033	2026-09-09T14:56:38Z	https://github.com/isomorphismes/lacunary/pull/9
isomorphismes/lacunary	8	Strengthen runtime rendering acceptance	main	render-runtime-acceptance-2026-09-08	8586608b21b14d8e13a471ac49ff46852fd07c7f	2026-09-09T03:20:12Z	https://github.com/isomorphismes/lacunary/pull/8
isomorphismes/lacunary	7	Require real app runtime for video evidence	main	agents/runtime-video-evidence	6be477361eb66b72b7db5b455cdc665596326591	2026-09-09T02:47:40Z	https://github.com/isomorphismes/lacunary/pull/7
isomorphismes/lacunary	5	Archive final native lasso prototype	main	archive/full-native-prototypes	b5bddd1841d3f572e516a39ed6ef8b78cfffb1d5	2026-09-08T14:37:58Z	https://github.com/isomorphismes/lacunary/pull/5
isomorphismes/lacunary	4	Migrate lasso and convergence-disc material	main	migrate/analytic-continuation-experiments	de2214921da611fea163baff33b9338a12015d51	2026-09-08T14:15:09Z	https://github.com/isomorphismes/lacunary/pull/4
isomorphismes/Byrnes-Euclid	1	Build native C Byrne Euclid III.1 centre construction APK	main	touch-interaction-sketch	09cdafdb69c10a36930ab997070daa3d4662d8e8	CLOSED_UNMERGED	https://github.com/isomorphismes/Byrnes-Euclid/pull/1
isomorphismes/Byrnes-Euclid	2	Draft interactive Byrne Euclid I.47 native target	touch-interaction-sketch	book1-proposition47-draft	e45d5c06437e0c67fd8c4d13376e935f63130c59	CLOSED_UNMERGED	https://github.com/isomorphismes/Byrnes-Euclid/pull/2
isomorphismes/pauli	23	Drive Android orbital rendering with checked hydrogen states	main	sun/p1-checked-hydrogen-renderer	b3d9aaba4be179b3cab1efbe0e535f3ef289b51d	2026-10-07T02:22:12Z	https://github.com/isomorphismes/pauli/pull/23
isomorphismes/pauli	16	Split the Android orbital renderer by purpose	main	android/functorial-renderer-files	cb27c94bd624aa7b1d7659ee967cb2c63ffd1f4e	2026-10-01T22:26:37Z	https://github.com/isomorphismes/pauli/pull/16
isomorphismes/pauli	22	Tell agents to use Kitchen for Pauli movie assembly	main	use-kitchen-movie-build	80bf05e97b6d6fa06f6c81d48c78448570050c11	2026-10-01T20:53:00Z	https://github.com/isomorphismes/pauli/pull/22
isomorphismes/pauli	20	Specify Pauli still-sequence movie rendering	main	movie-rendering	033074cf59f506f2cb4c762d2d1c223f7fb0681f	CLOSED_UNMERGED	https://github.com/isomorphismes/pauli/pull/20
isomorphismes/pauli	19	Point Android-NDK backlink at canonical main	main	docs/android-ndk-main-backlink	b4c9573d3b5e9b37357e08103371480583d7bdc0	2026-09-29T01:46:48Z	https://github.com/isomorphismes/pauli/pull/19
isomorphismes/pauli	18	Link Pauli Android lane to canonical Android architecture	main	docs/android-ndk-canonical-backlink	0a1d16d0352519357358977cf766d1c1b6b857ec	2026-09-29T01:24:17Z	https://github.com/isomorphismes/pauli/pull/18
isomorphismes/pauli	17	Refactor hydrogen states around mathematical structure	main	refactor-hydrogen-state-hierarchy	dfa7a8e492ba94e97da1f7031a7ed553ffae58d1	2026-09-26T13:47:37Z	https://github.com/isomorphismes/pauli/pull/17
isomorphismes/pauli	15	Make Pauli APK signing identity fail closed	main	android/stable-signing	4f57c0c06f70c1230dc9b3ba01fac6706fe2887b	2026-09-26T00:24:10Z	https://github.com/isomorphismes/pauli/pull/15
isomorphismes/pauli	14	Render hydrogen orbitals in the native Android viewer	main	android/orbital-viewer	5d43e69a63173b44120782d684c77283316120bd	2026-09-25T23:23:44Z	https://github.com/isomorphismes/pauli/pull/14
isomorphismes/pauli	9	Build tiny DEX-free NativeActivity viewer APKs	main	android/native-fast-shell	7f2f332943c28bedc729cb1fcf5d1946d55abb72	2026-09-25T23:15:07Z	https://github.com/isomorphismes/pauli/pull/9
isomorphismes/pauli	13	Add What is magnetism? reference path	main	books/what-is-magnetism	2a370161bd057a3f1ee23fdaae1d7a5d86862b43	2026-09-25T19:33:53Z	https://github.com/isomorphismes/pauli/pull/13
isomorphismes/pauli	3	Implement Pauli ray tracer in current Idriç	main	raytracer/idric-types	1d6aa3ad00bd6157ad78ef29f678c4eaa01c2a16	2026-09-25T19:33:47Z	https://github.com/isomorphismes/pauli/pull/3
isomorphismes/pauli	12	Publish the hydrogen derivation	main	publish/hydrogen	8abbcadba5691fbdc9a73a53f819ac598068f02a	2026-09-25T06:44:57Z	https://github.com/isomorphismes/pauli/pull/12
isomorphismes/pauli	10	Explain the Laplacian through sound	main	notes/laplacian-sound	9c5e0c6ad07fb15ad98dc27c49de49af32de7b80	2026-09-25T06:03:59Z	https://github.com/isomorphismes/pauli/pull/10
isomorphismes/pauli	8	Switch F64 storage to polar	main	polar-f64	a5d688f123b797acd14082f420b1bb0e99cb3061	2026-09-25T05:54:47Z	https://github.com/isomorphismes/pauli/pull/8
isomorphismes/pauli	7	Fix bound-state explanation	main	notes/fix-bound-state-explanation	c48ee907e21c9b25f3aed13c23f8297e09e34cd5	2026-09-25T05:41:31Z	https://github.com/isomorphismes/pauli/pull/7
isomorphismes/pauli	6	Add spiders, Birdtracks, ChaosBook, and Quefithe references	main	books/coecke-cvitanovic	8b5e718c86f35f5cf763eb2edd041f4a31c3d3be	2026-09-25T05:22:20Z	https://github.com/isomorphismes/pauli/pull/6
isomorphismes/pauli	2	Add symbolic hydrogen scaffold	main	symbolic/scaffold	53338354ae236ddd9a03cd501e594fb302ad7dd5	2026-09-25T05:17:33Z	https://github.com/isomorphismes/pauli/pull/2
isomorphismes/pauli	5	Add derivation spine and forms notes	main	notes/derivation-spine	a466f9c3b8784cec96ebd9d3170aced8c4a96c2b	2026-09-25T05:10:44Z	https://github.com/isomorphismes/pauli/pull/5
isomorphismes/pauli	4	Deepen Pauli book references and house style	main	books/deep-style-references	606ad51ed14768adc6ea6e5e2414ac3388f4be71	2026-09-25T05:06:12Z	https://github.com/isomorphismes/pauli/pull/4
isomorphismes/pauli	1	Add Eva Miranda and Stephanie Frank Singer to books	main	books/eva-miranda-stephanie-frank-singer	6e2797094ca069fe790ff4acc9fb96043edb3c3e	2026-09-25T04:56:18Z	https://github.com/isomorphismes/pauli/pull/1
isomorphismes/knot-complement	10	Prototype tiny lunar planet walker before m004	main	prototype/little-prince-sphere	7599b25b8b8b5d0a3ad6e0ce424ab8c1928fbedc	CLOSED_UNMERGED	https://github.com/isomorphismes/knot-complement/pull/10
isomorphismes/knot-complement	4	Add Pentland Hills OS Terrain 50 data	main	data/pentland-hills	a0c8e59896ecc6165dd1a3b4a48f5d215ec4ebc8	2026-09-26T17:46:17Z	https://github.com/isomorphismes/knot-complement/pull/4
isomorphismes/knot-complement	3	Refactor quotient recentering across Idriç, ICKY C, D, Haskell, Idris, and Agda	main	refactor/recenter-core	decf8a2e4a0e21affebfee73727e2a0c7d1ad00c	2026-09-26T17:46:13Z	https://github.com/isomorphismes/knot-complement/pull/3
isomorphismes/knot-complement	1	Seed knot-complement fly-through plan and references	main	notes/geometry-game-plan	6bfb47dd460282be01e09f8cbdcb925cc753fdb1	2026-09-26T17:46:10Z	https://github.com/isomorphismes/knot-complement/pull/1
isomorphismes/knot-complement	2	Collect fly-through geometry ideas and Geometry Center sources	main	math-fun-flythroughs-2	3d50a4132aed72ad04980f4b7b3e8c00174ccf0a	2026-09-26T14:24:00Z	https://github.com/isomorphismes/knot-complement/pull/2
isomorphismes/Fourier-sound	28	Keep FFT spectrum GPU-resident through Wegert rendering	main	gpu/fft-wegert-resident	3c2ecaafd9384b2096dd55b11cca5a74ec0c6c83	CLOSED_UNMERGED	https://github.com/isomorphismes/Fourier-sound/pull/28
isomorphismes/Fourier-sound	30	Compose Fourier plotting stages and identify the mixed compiler lane	ick/fourier-voice-miro-a1	repair/functorial-voice-c	04353383b6383cc70885a0eb63ca473f45edbccb	CLOSED_UNMERGED	https://github.com/isomorphismes/Fourier-sound/pull/30
isomorphismes/Fourier-sound	29	Benchmark ARMv7 numeric and SIMD choices under QEMU	fix/miro-smooth-render	bench/qemu-armv7-numerics	da4d436d24f006e6c90c6de5b2957b43687ca1aa	CLOSED_UNMERGED	https://github.com/isomorphismes/Fourier-sound/pull/29
isomorphismes/Fourier-sound	22	Add native Android RGB window output	render/phase-reference	render/android-window	21e0617482c4651349004c5f0a111a39f41269f1	CLOSED_UNMERGED	https://github.com/isomorphismes/Fourier-sound/pull/22
isomorphismes/Fourier-sound	19	Compare dense and dyadic constructions on real audio	tests/public-audio-rendering	experiments/audio-construction-compare	82ea9d8d95a17d727f96bb19508cf2e690093ff2	CLOSED_UNMERGED	https://github.com/isomorphismes/Fourier-sound/pull/19
isomorphismes/Fourier-sound	13	Add radix-2 FFT checked against direct DFT	render/phase-reference	fourier/radix2-fft	323b3e8328fa3a95aa02b05f98a65b1e1d32cda7	CLOSED_UNMERGED	https://github.com/isomorphismes/Fourier-sound/pull/13
isomorphismes/Fourier-sound	6	Consolidate microphone, FFT, audio comparison and Android CPU presentation	main	audio/native-input	a6e50030859aa15b5b79dcc913e9ebbefe6312d6	2026-10-06T13:20:34Z	https://github.com/isomorphismes/Fourier-sound/pull/6
isomorphismes/Fourier-sound	27	Use Horner evaluation in the ICK Fourier Voice polynomial leaf	audio/fourier-voice-diagnostics	perf/ick-polynomial-horner	7fe680511be5b03ee59ccb700fa9426be01d3a09	2026-10-05T20:44:09Z	https://github.com/isomorphismes/Fourier-sound/pull/27
isomorphismes/Fourier-sound	7	Add experiment speaker input and native Android output	audio/native-input	audio/speaker-output	9277128e5ff3f628d3788f26129a9392a96a1093	2026-10-02T02:10:55Z	https://github.com/isomorphismes/Fourier-sound/pull/7
isomorphismes/Fourier-sound	12	Add reference PCM-to-Wegert rendering path	audio/speaker-output	render/phase-reference	3687e042f1aa47b0d05d1eca4b1f86ab9e45f9ad	2026-10-02T02:10:36Z	https://github.com/isomorphismes/Fourier-sound/pull/12
isomorphismes/Fourier-sound	18	Add explicit sparse power-series construction	render/phase-reference	construction/sparse-series	a324830ddb780f789ecdf3af5551dba961de7748	2026-10-02T02:09:18Z	https://github.com/isomorphismes/Fourier-sound/pull/18
isomorphismes/Fourier-sound	14	Add explicit framing primitives before decomposition	fourier/radix2-fft	fourier/framing-primitives	40ae6e1b025c7ed9dc29442f0a02ced9c87a5b7b	2026-10-02T02:08:55Z	https://github.com/isomorphismes/Fourier-sound/pull/14
isomorphismes/Fourier-sound	26	Fold Fourier Voice diagnostics into Android window branch	render/android-window	audio/fourier-voice-miro-a1	059ceabdd4ed3d44f59cac555de53dd5dc99e589	2026-10-02T02:08:47Z	https://github.com/isomorphismes/Fourier-sound/pull/26
isomorphismes/Fourier-sound	16	Render public audio fixtures through production Fourier pipeline	fourier/framing-primitives	tests/public-audio-rendering	ac17d73934832a3941812e7345359bfef1d08e6b	2026-10-02T02:06:04Z	https://github.com/isomorphismes/Fourier-sound/pull/16
isomorphismes/Fourier-sound	24	Diagnose live Fourier Voice coefficients on MIRO A1	audio/fourier-voice-miro-a1	audio/fourier-voice-diagnostics	1345200fa284d3393ee65ff9e4b7ac8c417642c5	2026-10-02T02:05:32Z	https://github.com/isomorphismes/Fourier-sound/pull/24
isomorphismes/Fourier-sound	23	Build live Fourier Voice APK for MIRO A1	render/android-window	audio/fourier-voice-miro-a1	571a4e6c87af0573cfa5d9fccf5d62035c23d7ee	2026-10-02T02:04:44Z	https://github.com/isomorphismes/Fourier-sound/pull/23
isomorphismes/Fourier-sound	25	Link ICK ARMv7 Thumb-2 into Fourier Voice	audio/fourier-voice-diagnostics	ick/fourier-voice-miro-a1	9494df150f63a6b31207ca90407774aa47bbbef9	2026-10-02T02:04:31Z	https://github.com/isomorphismes/Fourier-sound/pull/25
isomorphismes/Fourier-sound	17	Tell agents to use Kitchen for Fourier Voice movie assembly	main	use-kitchen-movie-build	c9d7dd24405b9c6aba950bee39dd8bf852e63872	2026-10-01T20:52:57Z	https://github.com/isomorphismes/Fourier-sound/pull/17
isomorphismes/Fourier-sound	21	Validate canonical sounds corpus end to end	tests/public-audio-rendering	validate/sounds-corpus-integration	7bb16607c9334e04d28dd86e9c8d1b94188a832a	CLOSED_UNMERGED	https://github.com/isomorphismes/Fourier-sound/pull/21
isomorphismes/Fourier-sound	20	Consume fixtures from canonical sounds corpus	tests/public-audio-corpus	tests/use-sounds-corpus	d58a745d6781d7052f0e5068319050e4e4abb805	CLOSED_UNMERGED	https://github.com/isomorphismes/Fourier-sound/pull/20
isomorphismes/Fourier-sound	8	Add reusable real-audio Fourier fixture tests	audio/speaker-output	tests/public-audio-corpus	196ea6695a3db3f27916514d78ffd511656e2d41	CLOSED_UNMERGED	https://github.com/isomorphismes/Fourier-sound/pull/8
isomorphismes/Fourier-sound	9	Specify sound-driven movie rendering	main	movie-rendering	8312044f148428c6bb932987c4f79f4e40f478eb	CLOSED_UNMERGED	https://github.com/isomorphismes/Fourier-sound/pull/9
isomorphismes/Fourier-sound	10	Add first sound-to-Wegert rendering path	audio/speaker-output	movie-rendering	6276c377914ac5caf17d1ed8a9420c32de689af4	CLOSED_UNMERGED	https://github.com/isomorphismes/Fourier-sound/pull/10
isomorphismes/sprott	2	Add ICK-compiled Sprott core and native Android viewer	main	android/native-sprott-b	d2d9d24799aa85761b68ae286c126fe2b18204f7	2026-10-07T02:21:48Z	https://github.com/isomorphismes/sprott/pull/2
isomorphismes/spinor	5	Link Jason Hise's YouTube channel	main	docs/link-jason-hise-youtube	91a055a81422d285f050d806ec29939679703057	2026-10-07T00:52:46Z	https://github.com/isomorphismes/spinor/pull/5
isomorphismes/spinor	4	Credit Jason Hise prominently	main	docs/credit-jason-hise	30a0ed70af32f957d9fd5d6d29daab3c708e4817	2026-10-07T00:51:15Z	https://github.com/isomorphismes/spinor/pull/4
isomorphismes/spinor	3	Provision FFmpeg for repeatable Spinor movie	main	ci/provision-spinor-movie-ffmpeg	e938afba9a4985bc639704210ee6b5b8fc16d877	2026-10-06T23:31:26Z	https://github.com/isomorphismes/spinor/pull/3
isomorphismes/spinor	2	Add repeatable 0 → 2π → 4π movie pipeline	main	media/repeatable-spinor-movie	30d065f286270de88c2e10d0cfb6e056bf4fae2d	2026-10-06T23:26:48Z	https://github.com/isomorphismes/spinor/pull/2
isomorphismes/seifert	3	Catalog knot theory and arithmetic topology books and papers	main	docs/arithmetic-topology-books	4b2637e339290fba3b4b513d4dd8939f3d34402d	2026-10-08T14:06:25Z	https://github.com/isomorphismes/seifert/pull/3
isomorphismes/seifert	4	Add arithmetic topology books and source-paper bibliography	main	docs/arithmetic-topology-reading-list	09a71f1700baeda77056df6b3c032193016f3c5f	2026-10-08T14:01:43Z	https://github.com/isomorphismes/seifert/pull/4
isomorphismes/beauty	1	Complete anatomical muscle-to-face deformation	main	facial-mask	cb1a57511cbd8385113482dc630ec050cfd1eca6	2026-10-05T01:50:11Z	https://github.com/isomorphismes/beauty/pull/1
isomorphismes/flower	1	Establish Flower Net → Skin → Mesh and topology-driven hold growth	main	prototype/raylib-hold-growth	aa74149c17e1154c54b8db7d7ef3ef441614f37c	CLOSED_UNMERGED	https://github.com/isomorphismes/flower/pull/1
isomorphismes/crystal	7	Build native MIRO prototypes and expose bound zoom/render diagnostics	main	test/miro-apk-prototypes	63cfefc9c98eb3c10a0c797c788ee50678e75db2	CLOSED_UNMERGED	https://github.com/isomorphismes/crystal/pull/7
isomorphismes/crystal	1	Draft fixed-budget material nets for quartz, halite, bismuth and pyrite	main	draft/material-nets	18e5982a2b4ffd0711070a9191848dabc5e04096	CLOSED_UNMERGED	https://github.com/isomorphismes/crystal/pull/1
isomorphismes/young-tableaux	16	Add an insertion-sequence plot beside RSK	main	ui-rsk-sequence-plot	95611b1e8a356bfbaa6cd8a10e9b416474d4d2ef	2026-10-07T17:46:12Z	https://github.com/isomorphismes/young-tableaux/pull/16
isomorphismes/young-tableaux	15	Make RSK and jeu de taquin visual and add Edriç contracts	main	ui-visual-rsk-jdt-edric-specs	d218064ed9615903c1af9e734d3a159771d93961	2026-10-07T02:27:51Z	https://github.com/isomorphismes/young-tableaux/pull/15
isomorphismes/young-tableaux	14	Repeat linked tableau and Wegert views through the interaction UI	main	ui-linked-tableau-wegert-mirrors	72e1f76aeadbff1db3aa6ce48b570eeff9ceb43f	2026-10-07T01:49:11Z	https://github.com/isomorphismes/young-tableaux/pull/14
isomorphismes/young-tableaux	13	Complete the non-Pauli Young Tableaux operation surface	main	sun-y2-consolidation	20e075021b743909bc5c28764f787bae20381bc4	2026-10-06T17:11:42Z	https://github.com/isomorphismes/young-tableaux/pull/13
isomorphismes/young-tableaux	12	Add Leinster self-similarity reading notes	main	research/leinster-self-similarity	85809b665b0e389f8d821a67136872adb248b142	2026-10-06T13:05:28Z	https://github.com/isomorphismes/young-tableaux/pull/12
isomorphismes/young-tableaux	11	Compact the 0.3.3 math surface and build another APK	main	ui-0.3.3-math-cleanup	d70cf9ffb60bd3a38523fcc4b47c6fe6d65077d5	2026-10-06T16:01:43Z	https://github.com/isomorphismes/young-tableaux/pull/11
isomorphismes/young-tableaux	6	Integrate 0.3.1 UI and direct corner editing	main	integrate-ui-0.3.1	d97bde34522ea988b97aac385b7bf02cf8884dc4	2026-10-06T04:16:08Z	https://github.com/isomorphismes/young-tableaux/pull/6
isomorphismes/young-tableaux	5	Keep conjugate and cell listing internal	main	hide-internal-partition-operations	98f3b0f4b27965667faac3242390e5d8d89c9116	2026-10-06T04:02:26Z	https://github.com/isomorphismes/young-tableaux/pull/5
isomorphismes/young-tableaux	2	Build initial native Young Tableaux exploration APK	main	sun-y1-native-exploration	93fbb142c388805ce9628563633380516d19af34	2026-10-06T03:41:57Z	https://github.com/isomorphismes/young-tableaux/pull/2
isomorphismes/mock-theta	2	Build coefficient Tetris APK with ICK C	main	icky-c-apk	25e9d40417e8bb4abbc9d91b679e5509042243dc	CLOSED_UNMERGED	https://github.com/isomorphismes/mock-theta/pull/2
isomorphismes/mock-theta	1	Add typed coefficient Tetris model and mock-modularity notes	main	tetris-type-model	d8ede06a5a29b3d203d51c159661e9125e7ccde2	2026-10-06T11:57:09Z	https://github.com/isomorphismes/mock-theta/pull/1
