repository	default_branch	default_sha	disposition	branch_count	open_pull_requests	open_issue_count	closed_pull_request_count	idric_sources	workflow_files	literature_paths	test_path_count	build_contract	latest_workflow
isomorphismes/polya	master	bbb745711829891cc5ebd98fc8701a98611b0214	READY	1	NONE	0	0	NONE_ON_DEFAULT	NONE_ON_DEFAULT	NONE_IN_STANDARD_PATHS	0	NO_STANDARD_CONTRACT_ON_DEFAULT	NONE
isomorphismes/allegra	master	ad051c6698626cc5f2b59a26062dfaec3e3ccc11	READY	1	NONE	0	0	NONE_ON_DEFAULT	NONE_ON_DEFAULT	NONE_IN_STANDARD_PATHS	0	NO_STANDARD_CONTRACT_ON_DEFAULT	NONE
isomorphismes/knotkit	master	4fdd08f1d1db7b2e64dd8f186d32c8381db79b0f	NO_ACTION_WITH_REASON	2	NONE	0	0	NONE_ON_DEFAULT	NONE_ON_DEFAULT	NONE_IN_STANDARD_PATHS	1	NO_STANDARD_CONTRACT_ON_DEFAULT	NONE
isomorphismes/moishezon	master	379dcdf3b56ecb22d115dbcf11f87ad043a6dc4a	READY	1	NONE	0	0	NONE_ON_DEFAULT	NONE_ON_DEFAULT	NONE_IN_STANDARD_PATHS	0	NO_STANDARD_CONTRACT_ON_DEFAULT	NONE
isomorphismes/threefold.exploration	master	1ef524a89c97750546b385f21897e2085286203d	READY	1	NONE	0	0	NONE_ON_DEFAULT	NONE_ON_DEFAULT	NONE_IN_STANDARD_PATHS	0	NO_STANDARD_CONTRACT_ON_DEFAULT	NONE
isomorphismes/algebraic-variety-explorer-mobile	surfer	3928dcd1d023baab7c44bb4fc34f0ebe331f6237	BLOCKED	16	NONE	17	8	NONE_ON_DEFAULT	.github/workflows/ci.yml | .github/workflows/fdroid-build.yml	NONE_IN_STANDARD_PATHS	8	NO_STANDARD_CONTRACT_ON_DEFAULT	F-Droid release build;3928dcd1d023baab7c44bb4fc34f0ebe331f6237;success;https://github.com/isomorphismes/algebraic-variety-explorer-mobile/actions/runs/36609702864
isomorphismes/wegert	main	dfa3751f0282cdf6a2083c97063b0e8e996d0d92	BLOCKED	47	isomorphismes/wegert #72 — SUN 2: build separate A1/C67 ICK-hybrid Wegert APKs without Gradle — https://github.com/isomorphismes/wegert/pull/72 | isomorphismes/wegert #71 — Keep zero & infinity as the launcher name in test and ICK APKs — https://github.com/isomorphismes/wegert/pull/71 | isomorphismes/wegert #70 — Qualify the complete ICK ARMv7 NativeActivity library and APK — https://github.com/isomorphismes/wegert/pull/70	10	57	NONE_ON_DEFAULT	.github/workflows/android.yml | .github/workflows/apk-release.yml | .github/workflows/direct-dex-jni.yml | .github/workflows/expand-shared-icon-candidates.yml | .github/workflows/fdroid-auto-tag.yml | .github/workflows/fdroid-build.yml | .github/workflows/fdroid-status.yml | .github/workflows/fdroid-store-screenshot.yml | .github/workflows/headless-render.yml | .github/workflows/ick-source.yml | .github/workflows/jones-trefoil-icon.yml | .github/workflows/pages.yml | .github/workflows/render-root-videos.yml	NONE_IN_STANDARD_PATHS	12	NO_STANDARD_CONTRACT_ON_DEFAULT	F-Droid publication status;dfa3751f0282cdf6a2083c97063b0e8e996d0d92;success;https://github.com/isomorphismes/wegert/actions/runs/37790157559
isomorphismes/holomorphic	main	ce9d15e1c5cb2363201a61bbaa8eb10750ea1268	BLOCKED	70	NONE	11	45	NONE_ON_DEFAULT	.github/workflows/fdroid-build.yml | .github/workflows/google-play.yml | .github/workflows/holomorphic-apk.yml | .github/workflows/native-apk-release.yml | .github/workflows/tests.yml	NONE_IN_STANDARD_PATHS	7	NO_STANDARD_CONTRACT_ON_DEFAULT	tests;d506bfe70ff362aa9cb0091f96ba1a900ef27676;success;https://github.com/isomorphismes/holomorphic/actions/runs/36955372645
isomorphismes/non-poly	main	4d6ae735af2fab8d9ee2425db74a33b547672ead	NO_ACTION_WITH_REASON	2	NONE	0	1	NONE_ON_DEFAULT	NONE_ON_DEFAULT	NONE_IN_STANDARD_PATHS	0	NO_STANDARD_CONTRACT_ON_DEFAULT	NONE
isomorphismes/manimi	master	83d6ff70221ebe8975ed6db2e9c2eac8f10ab85f	NO_ACTION_WITH_REASON	17	NONE	0	5	NONE_ON_DEFAULT	.github/workflows/docs.yml | .github/workflows/ithon-render.yml | .github/workflows/ithon.yml | .github/workflows/publish.yml	NONE_IN_STANDARD_PATHS	19	NO_STANDARD_CONTRACT_ON_DEFAULT	Ithon migration;83d6ff70221ebe8975ed6db2e9c2eac8f10ab85f;success;https://github.com/isomorphismes/manimi/actions/runs/34551429745
isomorphismes/3b1b-videos	master	fe3156964aba09078434d26e2dc01d3f973c4e40	NO_ACTION_WITH_REASON	1	NONE	0	0	NONE_ON_DEFAULT	NONE_ON_DEFAULT	NONE_IN_STANDARD_PATHS	1	NO_STANDARD_CONTRACT_ON_DEFAULT	NONE
isomorphismes/coefficient-root-dance	main	18e1c4e9daa12c85c872af77355e8caf45fc3450	READY	8	NONE	1	5	NONE_ON_DEFAULT	.github/workflows/android.yml | .github/workflows/fdroid-build.yml	NONE_IN_STANDARD_PATHS	1	NO_STANDARD_CONTRACT_ON_DEFAULT	Android native prototype;18e1c4e9daa12c85c872af77355e8caf45fc3450;failure;https://github.com/isomorphismes/coefficient-root-dance/actions/runs/34716056544
isomorphismes/Cayley	cayley	61f5937498b4dbe5e4d26f31fd8c9cb7da607235	BLOCKED	15	NONE	0	9	NONE_ON_DEFAULT	.github/workflows/fdroid-build.yml | .github/workflows/group-explorer-pr2-apk.yml | .github/workflows/pattern-tests.yml	NONE_IN_STANDARD_PATHS	5	NO_STANDARD_CONTRACT_ON_DEFAULT	F-Droid release build;61f5937498b4dbe5e4d26f31fd8c9cb7da607235;success;https://github.com/isomorphismes/Cayley/actions/runs/35906805645
isomorphismes/Conway	main	67297505bb9f917deacd85df618ffabcd1439f7f	BLOCKED	8	NONE	1	7	wallpapers/ConwayWallpaper.idric	.github/workflows/android-wallpaper.yml | .github/workflows/fdroid-build.yml | .github/workflows/pattern-examples.yml	books/the-sensual-quadratic-form/README.md	1	NO_STANDARD_CONTRACT_ON_DEFAULT	Conway Android wallpaper;894abe990dce58d876d7db8f09626f3c66d51448;success;https://github.com/isomorphismes/Conway/actions/runs/36204942058
isomorphismes/L	main	668f0c4876c861635c1437cce0c5097f248854b8	READY	5	NONE	0	3	shader/LWegert.idric	.github/workflows/android.yml | .github/workflows/fdroid-build.yml	NONE_IN_STANDARD_PATHS	0	NO_STANDARD_CONTRACT_ON_DEFAULT	F-Droid release build;fa3b5beab4b2c31b44fc9a3845b59d359d51f883;success;https://github.com/isomorphismes/L/actions/runs/32696057716
isomorphismes/soap	main	3f9695c3f85b68e3a20fbd50e991d44915fd3ee9	BLOCKED	5	NONE	2	4	NONE_ON_DEFAULT	NONE_ON_DEFAULT	NONE_IN_STANDARD_PATHS	0	NO_STANDARD_CONTRACT_ON_DEFAULT	F-Droid release build;510f75e064f4aaac3624877d9ccbe8b1d78de16d;success;https://github.com/isomorphismes/soap/actions/runs/37315624609
isomorphismes/klein-quartic	master	b4e54a451ea9a0598ba7f172233449bf7bc24d08	NO_ACTION_WITH_REASON	1	NONE	0	0	NONE_ON_DEFAULT	NONE_ON_DEFAULT	NONE_IN_STANDARD_PATHS	0	NO_STANDARD_CONTRACT_ON_DEFAULT	NONE
isomorphismes/hopf_fibration	master	f2fdb7e6d626d66df8af820d3acd0cba641fcc41	BLOCKED	6	NONE	0	4	src/GenerateHeader.idric | src/GenerateSource.idric | src/Hopf.idric	.github/workflows/android.yml | .github/workflows/fdroid-build.yml	NONE_IN_STANDARD_PATHS	1	NO_STANDARD_CONTRACT_ON_DEFAULT	Android native Hopf;f2fdb7e6d626d66df8af820d3acd0cba641fcc41;success;https://github.com/isomorphismes/hopf_fibration/actions/runs/34647401563
isomorphismes/ortho	main	b7128acbfd22bc69c91d3dd4a1d0a686c01cfdb3	BLOCKED	3	NONE	1	2	src/Generate.idric | src/Orthant.idric	.github/workflows/android.yml | .github/workflows/fdroid-build.yml	NONE_IN_STANDARD_PATHS	0	NO_STANDARD_CONTRACT_ON_DEFAULT	Android native orthant;b7128acbfd22bc69c91d3dd4a1d0a686c01cfdb3;success;https://github.com/isomorphismes/ortho/actions/runs/34551490361
isomorphismes/kleinian-groups	master	a58b94c0eac82be95af9e9decbf51e21f287d891	NO_ACTION_WITH_REASON	1	NONE	0	0	NONE_ON_DEFAULT	NONE_ON_DEFAULT	NONE_IN_STANDARD_PATHS	0	NO_STANDARD_CONTRACT_ON_DEFAULT	NONE
isomorphismes/theta	main	aefc9227d47d4a270ca05fe709affd99e3e03660	READY	3	NONE	0	2	src/BrowserMain.idric | src/Main.idric | src/Theta/Interaction.idric | src/Theta/Math.idric | src/Theta/Model.idric | src/Theta/Surface.idric | src/Theta/Touch.idric	.github/workflows/renderer-bakeoff.yml	research/borcherds-lectures.md | research/mumford-tata-lectures.md | research/source-index.md | sources/fetch-jahnke-emde.sh | sources/jahnke-emde.md	0	NO_STANDARD_CONTRACT_ON_DEFAULT	renderer bakeoff;946ab4e13690c65cf812844144345f61a803978a;success;https://github.com/isomorphismes/theta/actions/runs/32778369675
isomorphismes/yt-shorts	main	f680838bc4016ac3f7a9e1c65f2f4c4cc7216b66	NO_ACTION_WITH_REASON	31	NONE	4	26	NONE_ON_DEFAULT	.github/workflows/car_projection_manimi.yml | .github/workflows/teleman-short.yml | .github/workflows/teleman-wegert-loop.yml | .github/workflows/theta-mellin-video.yml | .github/workflows/youtube-smoke.yml | .github/workflows/youtube-upload.yml	sources/wegert-complex-beauties.md	4	NO_STANDARD_CONTRACT_ON_DEFAULT	Theta Mellin finished video;f680838bc4016ac3f7a9e1c65f2f4c4cc7216b66;success;https://github.com/isomorphismes/yt-shorts/actions/runs/35832495964
isomorphismes/indras-pearls	main	e6c80fb390209a848308041cc643b2d73c21d9ca	READY	18	NONE	1	13	NONE_ON_DEFAULT	.github/workflows/android.yml	NONE_IN_STANDARD_PATHS	8	NO_STANDARD_CONTRACT_ON_DEFAULT	Android native Indra's Pearls stub;e6c80fb390209a848308041cc643b2d73c21d9ca;success;https://github.com/isomorphismes/indras-pearls/actions/runs/37178057821
isomorphismes/coxeter	main	2e0f4629815cddea3e6eb2865cf8a4c32d9a2b94	READY	5	NONE	6	2	pseudocode/Dynkin.idric	.github/workflows/reducer.yml	books/README.md | books/humphreys-reflection-groups-and-coxeter-groups.md	1	NO_STANDARD_CONTRACT_ON_DEFAULT	reducer;2e0f4629815cddea3e6eb2865cf8a4c32d9a2b94;cancelled;https://github.com/isomorphismes/coxeter/actions/runs/37308183619
isomorphismes/a-man-has-a-face	main	EMPTY	NO_ACTION_WITH_REASON	0	NONE	0	0	NONE_ON_DEFAULT	NONE_ON_DEFAULT	NONE_IN_STANDARD_PATHS	0	NO_STANDARD_CONTRACT_ON_DEFAULT	NONE
isomorphismes/a-man-has-a-voice	main	EMPTY	NO_ACTION_WITH_REASON	0	NONE	0	0	NONE_ON_DEFAULT	NONE_ON_DEFAULT	NONE_IN_STANDARD_PATHS	0	NO_STANDARD_CONTRACT_ON_DEFAULT	NONE
isomorphismes/lacunary	main	69596463c79187328bf4dcce6b93e4bd9d50b40f	READY	7	NONE	3	6	NONE_ON_DEFAULT	NONE_ON_DEFAULT	NONE_IN_STANDARD_PATHS	0	NO_STANDARD_CONTRACT_ON_DEFAULT	NONE
isomorphismes/Byrnes-Euclid	main	ed52b40454c8431ba16cb50406343ce6558b1418	BLOCKED	3	NONE	0	2	NONE_ON_DEFAULT	NONE_ON_DEFAULT	NONE_IN_STANDARD_PATHS	0	NO_STANDARD_CONTRACT_ON_DEFAULT	Byrne I.47 C+Lua qualification;e45d5c06437e0c67fd8c4d13376e935f63130c59;success;https://github.com/isomorphismes/Byrnes-Euclid/actions/runs/37465914628
isomorphismes/byrne-euclid	master	10744dfafb1eceea3023df12e2b5d9744d324c42	NO_ACTION_WITH_REASON	1	NONE	0	0	NONE_ON_DEFAULT	.github/workflows/context.yml	NONE_IN_STANDARD_PATHS	0	NO_STANDARD_CONTRACT_ON_DEFAULT	NONE
isomorphismes/solver-engine	main	a16c3e0b7519913d728f33299739c003fbb588e0	NO_ACTION_WITH_REASON	5	NONE	0	0	NONE_ON_DEFAULT	NONE_ON_DEFAULT	NONE_IN_STANDARD_PATHS	162	NO_STANDARD_CONTRACT_ON_DEFAULT	NONE
isomorphismes/pyggb	main	c6628a8d11538a0d3142513d85a0a2edfb595686	NO_ACTION_WITH_REASON	6	NONE	0	0	NONE_ON_DEFAULT	NONE_ON_DEFAULT	NONE_IN_STANDARD_PATHS	4	NO_STANDARD_CONTRACT_ON_DEFAULT	NONE
isomorphismes/geogebra	main	4873cd881d12dd11736826e4c5c5ede162a33deb	NO_ACTION_WITH_REASON	3	NONE	0	0	NONE_ON_DEFAULT	NONE_ON_DEFAULT	NONE_IN_STANDARD_PATHS	1075	NO_STANDARD_CONTRACT_ON_DEFAULT	NONE
isomorphismes/pauli	main	11fa8e1dfbfdfbf776ec26ae0d5656aadc090b8e	READY	27	NONE	2	21	raytracer/RayTracer.idric | raytracer/RayTracerTypes.idric	.github/workflows/android-apk.yml | .github/workflows/android-phone-apk.yml | .github/workflows/android-shell.yml | .github/workflows/idric-raytracer-types.yml | .github/workflows/symbolic-checks.yml	books/README.md | books/books I have not personally read/README.md | books/books I have not personally read/ballentine.md | books/books I have not personally read/faddeev-yakubovskii.md | books/books I have not personally read/hall.md | books/books I have not personally read/landsman.md | books/books I have not personally read/mackey.md | books/books I have not personally read/moretti.md | books/books I have not personally read/takhtajan.md | books/books I have not personally read/varadarajan.md | books/books I have not personally read/woodhouse.md | books/chan-tsou.md | books/coecke-kissinger.md | books/don-lemons.md | books/emmy-noether.md | books/eric-heller.md | books/eva-miranda.md | books/folland.md | books/fulton-harris.md | books/hasok-chang.md | books/hestenes-oersted.md | books/house-style.md | books/jackson-warning.md | books/jeremy-gray.md | books/jesper-lutzen.md | books/kenneth-stevens.md | books/mark-kac.md | books/monastyrsky.md | books/predrag-cvitanovic.md | books/quigg-noether.md | books/richard-montgomery.md | books/stephanie-frank-singer.md | books/what-is-angular-momentum/README.md | books/what-is-angular-momentum/videos.md | books/what-is-magnetism/README.md | books/what-is-magnetism/pbs-space-time.md | books/who-is-fourier.md | books/william-l-burke.md | books/zee.md	1	NO_STANDARD_CONTRACT_ON_DEFAULT	hydrogen checks;11fa8e1dfbfdfbf776ec26ae0d5656aadc090b8e;success;https://github.com/isomorphismes/pauli/actions/runs/37561652594
isomorphismes/knot-complement	main	0a7c9db323dc3cc13784bb36bbcd59ae35d83899	BLOCKED	7	NONE	5	5	refactor/idric/Recenter.idric	.github/workflows/fetch-pentland-terrain.yml	NONE_IN_STANDARD_PATHS	2	NO_STANDARD_CONTRACT_ON_DEFAULT	Agda original-source translation;17509df0d9188dca20f85ec3adcabc4a2bbce2f3;failure;https://github.com/isomorphismes/knot-complement/actions/runs/36262146774
isomorphismes/Fourier-sound	main	ac0e9b40a556012b42be240f1c32c88370028b4a	READY	30	isomorphismes/Fourier-sound #32 — Compose the Fourier Horner leaf in Icky C — https://github.com/isomorphismes/Fourier-sound/pull/32	8	23	NONE_ON_DEFAULT	.github/workflows/ick-fourier-voice.yml | .github/workflows/miro-release.yml | .github/workflows/native-audio.yml | .github/workflows/qemu-numeric-matrix.yml	NONE_IN_STANDARD_PATHS	17	ci/build-toolchain.tsv	ICK Fourier Voice ARMv7;53a053af33e000055b235a84e411e3b3560b5461;success;https://github.com/isomorphismes/Fourier-sound/actions/runs/37794102951
isomorphismes/sprott	main	e7ff723337102f189a16859b17ea52457472e675	READY	7	isomorphismes/sprott #3 — Compose Sprott phase points and velocities in Icky C — https://github.com/isomorphismes/sprott/pull/3	1	1	NONE_ON_DEFAULT	.github/workflows/host-tests.yml	NONE_IN_STANDARD_PATHS	3	NO_STANDARD_CONTRACT_ON_DEFAULT	host tests;9b2ed7490cae7b07dc9aa46d8adbf7c5b6823775;success;https://github.com/isomorphismes/sprott/actions/runs/37792968111
isomorphismes/p-adic	main	534ee464a2a6cf6638c92a1ed7f0b63b073518da	READY	1	NONE	0	0	NONE_ON_DEFAULT	.github/workflows/pages.yml | .github/workflows/witt-miro-apk.yml	NONE_IN_STANDARD_PATHS	0	NO_STANDARD_CONTRACT_ON_DEFAULT	Pages;534ee464a2a6cf6638c92a1ed7f0b63b073518da;failure;https://github.com/isomorphismes/p-adic/actions/runs/36959835193
isomorphismes/Hyperbolic-Honeycombs	main	d3e4bc3513f5e887b8dcda0195afb5596db0a47a	NO_ACTION_WITH_REASON	3	NONE	0	0	NONE_ON_DEFAULT	NONE_ON_DEFAULT	NONE_IN_STANDARD_PATHS	0	NO_STANDARD_CONTRACT_ON_DEFAULT	NONE
isomorphismes/Fragmentarium	master	f0ff279de356d8d429db98e038ad5e18d21e8945	NO_ACTION_WITH_REASON	2	NONE	0	0	NONE_ON_DEFAULT	NONE_ON_DEFAULT	NONE_IN_STANDARD_PATHS	4	NO_STANDARD_CONTRACT_ON_DEFAULT	NONE
isomorphismes/FragM	develop	af85d351eb115a74072505328fdd486f24524328	NO_ACTION_WITH_REASON	2	NONE	0	0	NONE_ON_DEFAULT	NONE_ON_DEFAULT	NONE_IN_STANDARD_PATHS	6	NO_STANDARD_CONTRACT_ON_DEFAULT	NONE
isomorphismes/spinor	main	830b4ceb6f029316cb53a5145fc6ac96eae21bd2	READY	5	NONE	1	4	types/Spinor.idric	.github/workflows/apk-artifacts.yml | .github/workflows/native-acceptance.yml | .github/workflows/publish-prerelease.yml | .github/workflows/spinor-movie.yml	NONE_IN_STANDARD_PATHS	3	NO_STANDARD_CONTRACT_ON_DEFAULT	Spinor APK artifacts;830b4ceb6f029316cb53a5145fc6ac96eae21bd2;success;https://github.com/isomorphismes/spinor/actions/runs/37555671103
isomorphismes/seifert	main	bf6097703892a4f8014caed8ed7351b02f3f74d5	BLOCKED	6	isomorphismes/seifert #5 — Define Idriç arithmetic-topology readouts and fail-closed invariants — https://github.com/isomorphismes/seifert/pull/5 | isomorphismes/seifert #2 — Source-style pass: compositional ICKY C and explicit compiler boundary — https://github.com/isomorphismes/seifert/pull/2 | isomorphismes/seifert #1 — Three orthant blocks, attached L-shaped ribbons and broader sticky touch — https://github.com/isomorphismes/seifert/pull/1	1	2	NONE_ON_DEFAULT	NONE_ON_DEFAULT	books/README.md | books/books.bib | papers/README.md | papers/papers.bib	0	NO_STANDARD_CONTRACT_ON_DEFAULT	Seifert host acceptance;87f028e9e42dd3f892f8c425e4f45e95f8a04576;success;https://github.com/isomorphismes/seifert/actions/runs/37789846815
isomorphismes/mostow	main	123e6c89bbd381e6cfc32a6512e3f06f3b507ac4	READY	2	isomorphismes/mostow #1 — Living hyperbolic sheet with bounded motion and paired Android builds — https://github.com/isomorphismes/mostow/pull/1	1	0	NONE_ON_DEFAULT	NONE_ON_DEFAULT	books/hyperbolic-crochet.md | books/images/README.md | books/mostow-rigidity.md | books/papadopoulos-quasiconformal.md	0	NO_STANDARD_CONTRACT_ON_DEFAULT	NONE
