source_commit	workflow	conclusion	url
6a90fbb9fac8984fe853924d6f5e7298f2458574	Human-visible job delivery	success	https://github.com/isomorphisms/ai-ci/actions/runs/37639665761
6a90fbb9fac8984fe853924d6f5e7298f2458574	equality assignment probe self-test	success	https://github.com/isomorphisms/ai-ci/actions/runs/37639665541
6a90fbb9fac8984fe853924d6f5e7298f2458574	follower-ledger	success	https://github.com/isomorphisms/ai-ci/actions/runs/37639665755
6a90fbb9fac8984fe853924d6f5e7298f2458574	ai-ci Soil self-test	success	https://github.com/isomorphisms/ai-ci/actions/runs/37639665833
6a90fbb9fac8984fe853924d6f5e7298f2458574	GitHub runner policy	success	https://github.com/isomorphisms/ai-ci/actions/runs/37639665692
6a90fbb9fac8984fe853924d6f5e7298f2458574	merge authorization contract	success	https://github.com/isomorphisms/ai-ci/actions/runs/37639665520
6a90fbb9fac8984fe853924d6f5e7298f2458574	ai-ci self-test	success	https://github.com/isomorphisms/ai-ci/actions/runs/37639665543
6a90fbb9fac8984fe853924d6f5e7298f2458574	complex/projective receipt policy	success	https://github.com/isomorphisms/ai-ci/actions/runs/37639665475
6a90fbb9fac8984fe853924d6f5e7298f2458574	Idriç style self-test	success	https://github.com/isomorphisms/ai-ci/actions/runs/37639665610
6a90fbb9fac8984fe853924d6f5e7298f2458574	Host-context execution control	success	https://github.com/isomorphisms/ai-ci/actions/runs/37639665658
