repository	commit	path	blob	classification	ascii_divisions	verification
isomorphismes/young-tableaux	a60493703dc164cfc8573f050848b77c6a00badf	app/assets/facts.lua	3b12adccf664ead620ca865a4bea254278c7613d	OWNED_ICKY_LUA_NO_DIVISION	0	ACTUAL_ICKY_LUA_MODULE_EXECUTION_PASS
isomorphismes/young-tableaux	a60493703dc164cfc8573f050848b77c6a00badf	tests/facts_test.lua	b03c0ab166c2b82d4fc515890c875b7d14a529e0	OWNED_ICKY_LUA_NO_DIVISION	0	FULL_FACTS_TEST_PASS
place-of-honor/game	6157d97d47259877f664ff4df1789026686ebc3c	conf.lua	51015eb357b9107156391bd48c7b65990356538d	OWNED_LOVE_RUNTIME_BOUNDARY	0	SOURCE_REVIEW_ONLY
place-of-honor/game	6157d97d47259877f664ff4df1789026686ebc3c	main.lua	2dde422b7748c17d65135f63853ca47757b055ef	OWNED_LOVE_RUNTIME_BOUNDARY	2	SOURCE_REVIEW_ONLY
place-of-honor/learn-toki-pona	8c4aa5e9753008468b01b47a26487f8de3fd15dd	policy/quiz-session.lua	917a333bc4a4c54ff3d36ca49fce98b85032a9d3	OWNED_ICKY_LUA_NO_DIVISION	0	ACTUAL_ICKY_LUA_MODULE_EXECUTION_PASS
place-of-honor/learn-toki-pona	8c4aa5e9753008468b01b47a26487f8de3fd15dd	qualification/c-session/matching-mask-mutant.lua	88a7deacec8b1819761a1ec57858c38cf1f6a431	PRESERVED_NEGATIVE_FIXTURE	0	SOURCE_REVIEW_ONLY
isomorphisms/fastchat	0192ff37c8786467f41e1646058a6691242face4	policy/composition.lua	a54b9b1181696a30cae0f0969047371881f4b686	OWNED_ICKY_LUA_NO_DIVISION	0	ACTUAL_ICKY_LUA_MODULE_EXECUTION_PASS
isomorphisms/fastchat	4b9eb2cc7e3a0fd6e6dd074e5a8efe9f1d2b6253	policy/composition.lua	fdc9749ce2e4d303a9007e79e922c38ae4c67b95	OWNED_ICKY_LUA_NO_DIVISION	0	ACTUAL_ICKY_LUA_MODULE_EXECUTION_PASS
isomorphisms/fastchat	f852207a797f9751bda5a61de96283787363dd0d	policy/composition.lua	73f91a5eca25695bcc42dae26b7f1a1dfc0372ec	OWNED_ICKY_LUA_NO_DIVISION	0	ACTUAL_ICKY_LUA_MODULE_EXECUTION_PASS
