field	value
schema	fp3-local-producer-evidence-v1
base_commit	9fca932be8da84b806727ffc75845df39fa85233
host	Ubuntu-24.04-x86_64-disposable-container
host_verifier_compile_and_link	NDK-r27c-Clang-18-and-LLD-native-glibc
host_kernel_sha256	afeb8280faeb853ddcc9ef4ee5b5a88e21aec894e312868c3f345017693aa3a3
host_signing_sha256	aad73dd9aa9af1e1fa5fcda86a18d832970c5d048cf45e5e5d7cb5d029485a79
existing_kernel_and_signing_cases	PASS
host_build_policy	PASS-separate-compile-link-stages-and-explicit-ICK-gap
fixture_actual_APK_authentication_and_inspection	PASS
fixture_historical_stale_missing_skipped_noop_wrong_packager_signer_artifact	DENIED
fixture_execution_class	AUTHENTICATION_AND_SEMANTICS-not-supervised-execution
supervisor_parse	PASS
public_supervisor	DENIED-missing-independent-release-anchor
public_gate	DENIED-missing-trusted-release
isolation_probe	FAIL-bwrap-NETLINK_ROUTE-operation-not-permitted
supervisor_actual_positive_and_hostile_process_tests	NOT_RUN
actual_NDK_then_Gradle_packaging_test	NOT_RUN-isolation-unavailable
supervisor_interruption_rerun_partial_output_tests	NOT_RUN
complete_host_runtime_closure_qualification	NOT_VERIFIED
issuer_and_protected_store_deployment	NOT_DEPLOYED
authenticated_producer_decision	NOT_ISSUED
operation_qualification	BLOCKED
original_key_recovery	UNKNOWN
